,0,0
free,169.0,43.0
entry,21.0,
in,58.0,608.0
a,284.0,801.0
wkly,9.0,
comp,7.0,
to,529.0,1161.0
win,49.0,9.0
fa,4.0,
cup,5.0,2.0
final,14.0,2.0
tkts,4.0,
st,24.0,16.0
may,6.0,30.0
text,90.0,53.0
receive,24.0,5.0
questionstd,2.0,
txt,120.0,7.0
ratetcs,2.0,
apply,23.0,2.0
overs,2.0,
freemsg,9.0,
hey,5.0,75.0
there,9.0,144.0
darling,2.0,2.0
its,8.0,219.0
been,32.0,67.0
weeks,11.0,4.0
now,151.0,213.0
and,104.0,644.0
no,51.0,212.0
word,17.0,10.0
back,20.0,93.0
id,1.0,21.0
like,9.0,178.0
some,5.0,87.0
fun,8.0,14.0
you,213.0,1418.0
up,18.0,213.0
for,148.0,384.0
it,22.0,436.0
still,6.0,113.0
tb,1.0,2.0
ok,4.0,221.0
xxx,12.0,16.0
std,7.0,
chgs,1.0,
send,49.0,96.0
rcv,3.0,
winner,13.0,
as,26.0,122.0
valued,8.0,2.0
network,18.0,4.0
customer,38.0,7.0
have,102.0,338.0
selected,19.0,3.0
receivea,1.0,
prize,73.0,
reward,2.0,
claim,86.0,
call,263.0,174.0
code,19.0,1.0
kl,1.0,
valid,17.0,
hours,3.0,13.0
only,64.0,90.0
had,9.0,65.0
your,187.0,305.0
mobile,85.0,9.0
months,5.0,9.0
or,138.0,168.0
more,25.0,54.0
u,127.0,721.0
r,16.0,100.0
entitled,4.0,
update,13.0,2.0
the,153.0,839.0
latest,23.0,3.0
colour,10.0,3.0
mobiles,9.0,
with,79.0,203.0
camera,24.0,2.0
co,4.0,1.0
on,113.0,299.0
six,2.0,1.0
chances,2.0,
cash,46.0,8.0
from,95.0,115.0
pounds,12.0,1.0
csh,2.0,
cost,21.0,10.0
pday,2.0,
days,11.0,19.0
tsandcs,2.0,
reply,79.0,34.0
hl,5.0,
info,8.0,1.0
urgent,46.0,2.0
won,56.0,
week,39.0,42.0
membership,1.0,1.0
our,61.0,49.0
jackpot,1.0,
tc,12.0,
wwwdbuknet,1.0,
lccltd,1.0,
pobox,21.0,
ldnwarw,1.0,
xxxmobilemovieclub,1.0,
use,5.0,25.0
credit,8.0,4.0
click,4.0,1.0
wap,9.0,
link,4.0,2.0
next,12.0,27.0
message,24.0,43.0
here,6.0,85.0
httpwap,1.0,
xxxmobilemovieclubcomnqjkgighjjgcbl,1.0,
england,5.0,
v,4.0,39.0
macedonia,1.0,
dont,18.0,206.0
miss,7.0,57.0
goalsteam,1.0,
news,8.0,5.0
ur,112.0,172.0
national,12.0,
team,3.0,3.0
eg,12.0,
trywales,1.0,
scotland,1.0,2.0
poboxoxwwq,1.0,
thanks,13.0,45.0
subscription,1.0,
ringtone,22.0,
uk,12.0,
will,35.0,243.0
be,39.0,253.0
charged,10.0,
month,4.0,20.0
please,43.0,53.0
confirm,1.0,8.0
by,29.0,100.0
replying,4.0,2.0
yes,11.0,52.0
if,22.0,251.0
not,24.0,305.0
rodger,1.0,
burns,1.0,
msg,24.0,42.0
we,40.0,229.0
tried,13.0,4.0
re,8.0,8.0
sms,23.0,10.0
nokia,54.0,1.0
camcorder,11.0,
delivery,16.0,1.0
tomorrow,8.0,62.0
ac,4.0,
sptv,2.0,
new,54.0,47.0
jersey,1.0,
devils,1.0,
detroit,1.0,
red,1.0,2.0
wings,1.0,
play,12.0,14.0
ice,1.0,6.0
hockey,1.0,1.0
correct,4.0,6.0
incorrect,1.0,
end,15.0,21.0
congrats,7.0,5.0
year,6.0,36.0
special,10.0,25.0
cinema,3.0,4.0
pass,3.0,6.0
is,119.0,550.0
yours,11.0,6.0
c,17.0,51.0
suprman,3.0,
matrix,3.0,
starwars,3.0,
etc,5.0,4.0
all,22.0,184.0
bxipwe,3.0,
pm,7.0,17.0
out,43.0,166.0
i,39.0,1636.0
am,13.0,176.0
pleased,3.0,2.0
advise,3.0,
that,23.0,374.0
following,3.0,1.0
recent,3.0,
review,4.0,1.0
of,78.0,391.0
mob,19.0,
are,64.0,317.0
awarded,28.0,
bonus,18.0,
complimentary,8.0,
trip,3.0,8.0
eurodisinc,1.0,
trav,1.0,
acoentry,1.0,
dis,1.0,19.0
morefrmmob,1.0,
shracomorsglsuplt,1.0,
ls,1.0,
aj,1.0,
did,2.0,86.0
hear,3.0,22.0
about,7.0,112.0
divorce,1.0,1.0
barbie,1.0,
comes,2.0,15.0
kens,1.0,
stuff,1.0,25.0
service,43.0,1.0
representative,8.0,
between,8.0,17.0
ampm,10.0,
guaranteed,38.0,
waiting,12.0,31.0
collected,2.0,1.0
simply,2.0,2.0
password,3.0,3.0
mix,3.0,
verify,3.0,
get,62.0,229.0
usher,2.0,
britney,2.0,
fml,2.0,2.0
gent,2.0,
trying,12.0,18.0
contact,41.0,8.0
last,9.0,44.0
weekends,5.0,2.0
draw,29.0,5.0
shows,21.0,5.0
k,13.0,50.0
hrs,16.0,9.0
ppm,36.0,
specially,7.0,
holiday,22.0,8.0
flights,5.0,
inc,5.0,
speak,8.0,20.0
live,25.0,15.0
operator,11.0,
pmin,17.0,
private,10.0,1.0
account,11.0,17.0
statement,8.0,
unredeemed,9.0,
points,9.0,3.0
identifier,9.0,
expires,9.0,
was,5.0,157.0
caller,11.0,1.0
this,61.0,187.0
try,5.0,29.0
landline,24.0,2.0
boxwrc,1.0,
todays,16.0,6.0
voda,3.0,
numbers,5.0,2.0
ending,5.0,
award,21.0,1.0
match,4.0,3.0
quoting,3.0,
standard,4.0,
rates,5.0,
app,3.0,2.0
sunshine,7.0,1.0
quiz,12.0,
q,4.0,2.0
top,14.0,5.0
sony,5.0,
dvd,6.0,1.0
player,10.0,1.0
know,23.0,179.0
which,5.0,36.0
country,4.0,2.0
algarve,2.0,
ansr,4.0,
sptyrone,4.0,
want,20.0,117.0
laid,3.0,
tonight,2.0,34.0
real,12.0,19.0
dogging,11.0,
locations,5.0,
sent,9.0,46.0
direct,9.0,2.0
join,15.0,8.0
uks,10.0,
largest,4.0,
bt,4.0,12.0
txting,7.0,1.0
gravel,1.0,
nt,1.0,11.0
eca,4.0,
pmsgp,2.0,
youll,1.0,10.0
any,17.0,86.0
msgs,6.0,6.0
chat,37.0,10.0
svc,1.0,
hardcore,2.0,1.0
services,14.0,1.0
go,24.0,184.0
nothing,3.0,26.0
must,4.0,18.0
age,12.0,3.0
yr,11.0,2.0
again,3.0,44.0
why,8.0,48.0
havent,1.0,30.0
replied,1.0,4.0
my,9.0,559.0
im,12.0,329.0
randy,2.0,
sexy,15.0,10.0
female,1.0,1.0
local,5.0,
luv,5.0,24.0
netcollex,3.0,
ltd,12.0,
p,57.0,4.0
per,39.0,13.0
stop,81.0,28.0
annoncement,1.0,
years,7.0,11.0
arrange,2.0,2.0
pls,7.0,71.0
bootydelious,1.0,
f,6.0,1.0
inviting,1.0,
her,4.0,80.0
friend,6.0,26.0
see,10.0,100.0
wwwsmsacubootydelious,1.0,
frnd,1.0,8.0
bangbabes,1.0,
order,12.0,6.0
way,1.0,76.0
should,7.0,65.0
download,2.0,10.0
content,11.0,1.0
do,15.0,272.0
goto,4.0,1.0
bangb,1.0,
tv,6.0,21.0
internetservice,1.0,
menu,1.0,6.0
s,16.0,18.0
freephone,8.0,
unique,1.0,1.0
enough,2.0,20.0
find,20.0,37.0
th,5.0,30.0
august,2.0,1.0
wwwareyouuniquecouk,1.0,
collect,17.0,5.0
todayfrom,2.0,
wwwtcbiz,2.0,
optout,10.0,
gbpmtmsg,2.0,
meet,6.0,55.0
dream,3.0,4.0
partner,5.0,
soon,2.0,40.0
career,1.0,2.0
off,3.0,36.0
flyng,1.0,
start,5.0,22.0
horo,2.0,
followed,3.0,
star,2.0,
sign,2.0,3.0
e,7.0,61.0
g,7.0,9.0
aries,1.0,
someone,12.0,36.0
today,10.0,94.0
can,23.0,271.0
date,8.0,6.0
even,5.0,40.0
flirt,4.0,3.0
just,63.0,213.0
name,15.0,20.0
sam,3.0,2.0
recdthirtyeight,1.0,
pence,2.0,
secret,8.0,4.0
admirer,8.0,
who,41.0,45.0
looking,7.0,17.0
make,9.0,63.0
ufind,6.0,
they,13.0,88.0
rreveal,6.0,
thinks,8.0,4.0
so,21.0,291.0
specialcall,6.0,
congratulations,12.0,1.0
cd,5.0,1.0
vouchers,15.0,
gift,14.0,7.0
music,13.0,2.0
tncs,5.0,
wwwldewcomwinppmxage,3.0,
offer,23.0,5.0
video,24.0,2.0
handset,4.0,
anytime,10.0,2.0
networks,2.0,
mins,27.0,6.0
unlimited,8.0,4.0
really,1.0,62.0
horny,5.0,
me,23.0,561.0
naked,1.0,5.0
hot,13.0,5.0
at,23.0,287.0
unsubscribe,13.0,
has,21.0,60.0
changed,1.0,5.0
credits,7.0,
clubmobilescom,1.0,
choose,7.0,6.0
club,19.0,
pwk,3.0,
po,22.0,2.0
box,34.0,3.0
mk,1.0,
wt,1.0,1.0
singles,5.0,
chart,2.0,
each,8.0,3.0
quality,1.0,4.0
charge,7.0,7.0
hmv,8.0,
genuine,2.0,
answer,7.0,11.0
easy,9.0,12.0
questions,5.0,5.0
infowwwpercentrealcom,2.0,
tmobile,2.0,
phone,36.0,59.0
upgrade,3.0,
pay,1.0,29.0
sim,3.0,2.0
card,3.0,9.0
loyalty,7.0,
ends,4.0,7.0
thfebtcs,1.0,
blind,2.0,
rodds,1.0,
m,16.0,7.0
aberdeen,1.0,
united,1.0,
kingdom,1.0,
check,2.0,29.0
him,1.0,71.0
httpimg,1.0,
acwicmbcktzr,1.0,
dates,2.0,1.0
hide,1.0,
themob,3.0,
newest,3.0,
selection,3.0,
games,10.0,
tones,20.0,
gossip,1.0,1.0
babes,2.0,1.0
sport,4.0,
keep,4.0,41.0
fit,1.0,2.0
funky,1.0,1.0
think,2.0,98.0
smart,1.0,1.0
weekly,20.0,
nowtcs,1.0,
winnersclub,1.0,
uz,2.0,
gbpweek,3.0,
december,3.0,
mths,13.0,
germany,1.0,
minute,5.0,8.0
fixed,1.0,5.0
line,27.0,6.0
via,1.0,8.0
access,4.0,2.0
number,20.0,45.0
prepayment,1.0,
valentines,3.0,7.0
day,18.0,147.0
over,13.0,43.0
take,11.0,78.0
lifetime,2.0,1.0
pmsg,15.0,
rcvd,6.0,
custcare,8.0,
fancy,8.0,3.0
shag,1.0,
dointerested,1.0,
sextextukcom,1.0,
xxuk,1.0,
suzy,1.0,1.0
txts,10.0,
website,1.0,3.0
x,12.0,27.0
cashbalance,6.0,
currently,9.0,2.0
maximize,6.0,
cashin,6.0,
cc,5.0,
hgsuitelands,7.0,
rowwjhl,7.0,
updatenow,2.0,
xmas,10.0,13.0
motorola,8.0,1.0
sonyericsson,5.0,
bluetooth,6.0,
double,12.0,4.0
orange,19.0,3.0
mobileupd,13.0,
calloptoutfq,1.0,
discount,9.0,
rp,1.0,
further,3.0,1.0
messages,10.0,6.0
wwwregalportfoliocouk,1.0,
reference,4.0,3.0
t,11.0,3.0
gbp,3.0,
calling,3.0,12.0
available,2.0,11.0
phones,9.0,2.0
calloptoutndx,1.0,
half,10.0,20.0
price,14.0,4.0
rental,9.0,
mobilesdirect,3.0,
orstoptxt,3.0,
first,6.0,42.0
poly,13.0,
true,2.0,15.0
tone,36.0,
help,19.0,26.0
after,3.0,61.0
xpw,1.0,
dating,13.0,
boxskch,1.0,
into,5.0,25.0
competition,3.0,2.0
wwwtxttowincouk,2.0,
logo,3.0,
lover,2.0,7.0
names,2.0,1.0
joined,2.0,4.0
heart,2.0,30.0
love,10.0,149.0
mobno,2.0,
adam,2.0,
eve,3.0,9.0
yahoo,2.0,6.0
poboxwwq,5.0,
txtno,2.0,
ads,2.0,
contacted,5.0,
entered,6.0,5.0
because,2.0,26.0
poboxntfp,1.0,
land,15.0,
calls,11.0,8.0
ave,2.0,4.0
vary,6.0,
close,4.0,11.0
post,3.0,12.0
bcm,3.0,
ldn,9.0,
wcnxx,4.0,
loan,4.0,5.0
purpose,4.0,
homeowners,3.0,
tenants,4.0,
welcome,7.0,4.0
previously,3.0,
refused,4.0,
upgrdcentre,1.0,
july,2.0,1.0
tcs,23.0,
okmail,1.0,
dear,13.0,75.0
dave,2.0,1.0
notice,3.0,3.0
tenerife,7.0,
sae,13.0,
cwwx,4.0,
moan,1.0,5.0
nyt,2.0,6.0
activate,5.0,1.0
terms,6.0,3.0
conditions,3.0,1.0
visit,5.0,4.0
wwwcom,2.0,
b,15.0,46.0
tcsstop,3.0,
gb,5.0,
ipod,8.0,
mp,4.0,2.0
ibhltd,2.0,
ldnwh,2.0,
pmtmsgrcvd,2.0,
boltblue,1.0,
mono,2.0,
cha,2.0,
slide,1.0,
yeah,1.0,64.0
slow,1.0,6.0
jamz,1.0,
toxic,1.0,
come,2.0,167.0
topped,1.0,
httpwwwbubbletextcom,1.0,
renewal,1.0,
pin,1.0,3.0
tgxxrz,1.0,
nd,14.0,10.0
attempt,15.0,1.0
boxqu,2.0,
worth,11.0,4.0
savamob,13.0,
member,5.0,2.0
offers,10.0,1.0
cs,11.0,
sub,7.0,1.0
unsub,7.0,
recieve,1.0,
within,4.0,5.0
channel,2.0,
teletext,1.0,
pg,1.0,3.0
wwwapplausestorecom,1.0,
monthlysubscriptionpmsg,1.0,
maxmonth,1.0,
tcsc,1.0,
web,2.0,
us,6.0,37.0
ring,2.0,10.0
claims,1.0,
textand,1.0,
chance,22.0,10.0
shopping,5.0,15.0
spree,5.0,
shop,5.0,10.0
tscs,17.0,
wwwtxtshopcom,1.0,
xpwk,4.0,
pound,5.0,2.0
before,5.0,40.0
lines,2.0,1.0
ag,2.0,
promo,2.0,
an,14.0,72.0
important,6.0,8.0
announcement,5.0,
xclusiveclubsaisai,1.0,
morow,1.0,1.0
soiree,1.0,1.0
speciale,1.0,
zouk,1.0,
nichols,1.0,1.0
parisfree,1.0,
roses,1.0,
ladies,2.0,1.0
kick,3.0,4.0
euro,7.0,
kept,3.0,3.0
results,3.0,
daily,3.0,1.0
removed,1.0,1.0
textbuddy,2.0,
guys,5.0,23.0
area,8.0,4.0
search,2.0,13.0
postcode,2.0,
gaytextbuddycom,2.0,
one,7.0,119.0
vodafone,4.0,
matches,7.0,
voucher,14.0,
holder,5.0,
pc,5.0,1.0
httpwwwetlpcoukexpressoffer,2.0,
texts,13.0,8.0
rstm,1.0,
sw,1.0,
ss,1.0,
premium,1.0,
sun,1.0,12.0
posts,1.0,1.0
helloyou,1.0,
seem,1.0,3.0
cool,1.0,26.0
gr,6.0,9.0
every,27.0,35.0
wk,21.0,6.0
opt,11.0,
hi,12.0,91.0
sue,2.0,
old,2.0,10.0
work,3.0,70.0
lapdancer,1.0,
sex,7.0,2.0
bedroom,1.0,5.0
textoperator,3.0,
da,1.0,94.0
ppmsg,1.0,
forwarded,4.0,4.0
immediately,4.0,5.0
fantastic,3.0,3.0
ngage,1.0,
game,3.0,9.0
deck,1.0,
wwwcnupdatescomnewsletter,1.0,
alerts,1.0,
uu,2.0,
tcsbcmwcnxx,2.0,
callcost,2.0,
mobilesvary,2.0,
max,2.0,
email,2.0,13.0
alertfrom,1.0,
jeri,1.0,
stewartsize,1.0,
kbsubject,1.0,
lowcost,1.0,
prescripiton,1.0,
drvgsto,1.0,
listen,2.0,6.0
offerthe,2.0,
txtauction,3.0,
tctxt,2.0,
pmtmsg,2.0,
subscribed,2.0,
best,6.0,30.0
until,5.0,19.0
helpline,2.0,
realize,1.0,1.0
well,5.0,99.0
thousands,1.0,
running,1.0,3.0
around,2.0,44.0
tattoos,1.0,
premier,2.0,
romantic,1.0,3.0
paris,3.0,
nights,2.0,2.0
book,3.0,13.0
unclaimed,1.0,
closingdate,1.0,
claimcode,1.0,
mm,1.0,8.0
pmmorefrommobilebremovedmobypoboxlsyf,1.0,
city,3.0,1.0
break,3.0,11.0
could,6.0,45.0
summer,4.0,1.0
store,7.0,1.0
skilgme,2.0,
tscswinawkage,2.0,
perwksub,2.0,
ever,2.0,27.0
thought,1.0,30.0
living,1.0,2.0
good,11.0,166.0
life,3.0,51.0
perfect,1.0,3.0
community,2.0,1.0
psms,2.0,
polyphonic,2.0,
rate,16.0,2.0
toppoly,1.0,
tune,1.0,
subpoly,3.0,
pole,1.0,1.0
thmarch,1.0,
availa,1.0,
muz,4.0,7.0
tell,11.0,79.0
mates,8.0,
wwwgetzedcouk,7.0,
wwq,4.0,
normptone,4.0,
cashto,2.0,
getstop,2.0,
php,3.0,
rg,1.0,
jx,1.0,
either,8.0,9.0
were,3.0,64.0
outbid,1.0,
simonwatson,1.0,
shinco,1.0,
plyr,1.0,
bid,6.0,
acsmsrewards,1.0,
notifications,1.0,
smsservices,1.0,
yourinclusive,1.0,
wwwcomuknet,3.0,
login,3.0,2.0
qxj,2.0,
extra,4.0,5.0
comuk,1.0,
cm,1.0,1.0
ae,2.0,
alfie,2.0,
moons,2.0,
children,2.0,4.0
need,6.0,113.0
song,2.0,8.0
ms,2.0,1.0
charity,6.0,
nokias,2.0,
polys,6.0,
zed,4.0,
profit,2.0,1.0
reveal,4.0,
recd,3.0,
cust,3.0,
care,4.0,42.0
five,3.0,3.0
wed,1.0,7.0
voucherstext,1.0,
nowsavamobmember,1.0,
remove,2.0,5.0
ibiza,2.0,
await,11.0,1.0
collection,16.0,
sk,1.0,
wp,1.0,
talk,2.0,31.0
friends,4.0,39.0
fall,1.0,4.0
worlds,1.0,1.0
most,1.0,21.0
discreet,2.0,
vip,4.0,
yrs,6.0,5.0
supply,3.0,
cds,4.0,
virgin,1.0,
records,1.0,
mystery,1.0,1.0
wwwsmsconet,2.0,
approx,1.0,1.0
xxxxxx,1.0,
hello,3.0,34.0
posh,1.0,
birds,1.0,3.0
chaps,1.0,
user,3.0,1.0
trial,1.0,
prods,1.0,
champneys,1.0,
put,1.0,22.0
down,1.0,42.0
address,4.0,13.0
dob,1.0,
asap,6.0,2.0
ta,1.0,2.0
what,16.0,175.0
how,6.0,197.0
till,3.0,18.0
drop,2.0,12.0
travel,2.0,1.0
ntt,10.0,
crbt,2.0,
fixedline,2.0,
liverpool,2.0,
played,2.0,2.0
mid,2.0,5.0
stopsms,1.0,
reminder,1.0,1.0
downloaded,1.0,
already,1.0,69.0
paid,1.0,5.0
httpdoit,1.0,
mymoby,1.0,
lastest,1.0,
stereophonics,1.0,
marley,1.0,
dizzee,1.0,
racal,1.0,
libertines,1.0,
strokes,1.0,
nookii,1.0,
bookmark,1.0,
january,1.0,5.0
male,3.0,
sale,4.0,3.0
gay,5.0,1.0
cheaper,2.0,2.0
cheap,4.0,5.0
peak,2.0,
money,3.0,43.0
lucky,4.0,9.0
million,1.0,
give,4.0,66.0
away,2.0,14.0
pptxnormal,1.0,
wtjy,1.0,
matthew,1.0,
lux,2.0,
skxh,4.0,
hp,1.0,1.0
yf,1.0,
getting,4.0,38.0
touch,1.0,13.0
folks,1.0,
company,2.0,11.0
enjoy,7.0,19.0
tcrw,3.0,
filthy,2.0,
stories,1.0,
girls,2.0,10.0
validhrs,3.0,
videophones,2.0,
videochat,2.0,
wid,2.0,14.0
java,2.0,
dload,2.0,
polyph,2.0,
noline,2.0,
rentl,2.0,
panasonic,1.0,
bluetoothhdset,1.0,
doublemins,1.0,
doubletxt,1.0,
contract,1.0,2.0
guess,6.0,25.0
somebody,2.0,7.0
secretly,2.0,
fancies,3.0,
wanna,8.0,22.0
dateboxessexcmxn,2.0,
lshb,2.0,
flirting,1.0,
girl,5.0,22.0
bloke,1.0,1.0
zoe,1.0,1.0
chatting,1.0,1.0
kickoff,2.0,
informed,2.0,2.0
eastenders,2.0,
flower,2.0,4.0
does,3.0,26.0
dot,2.0,1.0
compare,2.0,
herself,2.0,
d,4.0,67.0
violet,2.0,
tulip,2.0,
lily,2.0,
wkentp,2.0,
lots,1.0,13.0
people,3.0,33.0
registered,3.0,3.0
wwwflirtpartyus,1.0,
replys,1.0,
asked,3.0,19.0
cant,4.0,86.0
revealed,3.0,
wu,2.0,
uve,6.0,1.0
invited,4.0,6.0
xchat,4.0,
sipix,3.0,
digital,5.0,1.0
mbp,1.0,
warranty,1.0,
subscriber,4.0,
receipt,3.0,2.0
ans,5.0,6.0
when,12.0,211.0
elvis,1.0,
presleys,1.0,
birthday,1.0,25.0
information,4.0,2.0
o,2.0,13.0
log,3.0,7.0
onto,3.0,
httpwwwurawinnercom,2.0,
surprise,2.0,5.0
awaiting,4.0,
bored,3.0,15.0
speed,1.0,2.0
speedchat,2.0,
em,1.0,4.0
swap,1.0,
chatter,1.0,
rcd,1.0,
taking,1.0,11.0
part,8.0,15.0
survey,1.0,1.0
yesterday,2.0,16.0
however,1.0,7.0
wish,2.0,33.0
wwwtxtcom,2.0,
forget,2.0,12.0
place,5.0,42.0
many,3.0,39.0
requests,1.0,2.0
stchoicecouk,1.0,
lets,4.0,12.0
other,4.0,34.0
hgsuitelandsrowwjhl,3.0,
thank,1.0,23.0
notified,1.0,
luck,5.0,4.0
future,3.0,2.0
marketing,1.0,
virgins,1.0,
ready,3.0,26.0
fil,2.0,
sexual,1.0,
theirs,1.0,
cute,1.0,7.0
got,3.0,174.0
takes,3.0,9.0
wrc,1.0,
rally,2.0,
oz,1.0,2.0
lucozade,1.0,
energy,2.0,5.0
le,1.0,
packs,1.0,
lucozadecoukwrc,1.0,
itcould,1.0,
pic,7.0,5.0
jordan,2.0,1.0
babe,4.0,55.0
then,8.0,175.0
celeb,3.0,
pocketbabecouk,3.0,
pics,12.0,7.0
voicemail,3.0,
choice,3.0,2.0
enter,7.0,3.0
wwwldewcomsubswinppmx,2.0,
delivered,3.0,
door,1.0,6.0
exp,1.0,
apr,1.0,
nok,2.0,
txtin,3.0,
ptone,4.0,
completely,1.0,5.0
accommodation,1.0,
various,1.0,1.0
global,1.0,
wwwphbcom,1.0,
wwwtextcompcom,2.0,
hungry,2.0,9.0
feeling,2.0,14.0
set,1.0,15.0
cum,5.0,6.0
moro,1.0,1.0
jane,1.0,1.0
xx,4.0,5.0
callsminmoremobsemspoboxpowa,2.0,
biz,1.0,
jamster,1.0,
videosound,1.0,
gold,1.0,1.0
videosounds,1.0,
logosmusicnews,1.0,
jamstercouk,1.0,
lions,1.0,
lionm,1.0,
lionp,1.0,
wwwringtonescouk,2.0,
original,2.0,1.0
n,5.0,101.0
harry,4.0,
potter,2.0,
phoenix,2.0,
among,2.0,
readers,2.0,
balance,1.0,4.0
question,1.0,14.0
sang,1.0,
uptown,1.0,
freeday,2.0,
georges,2.0,
jordantxt,2.0,
saucy,3.0,
fantasies,5.0,
min,13.0,19.0
croydon,7.0,
cr,7.0,1.0
wb,7.0,
bears,2.0,
nick,1.0,
tom,1.0,2.0
pete,1.0,4.0
dick,1.0,2.0
fact,1.0,8.0
types,1.0,
photo,2.0,3.0
upload,1.0,
linerental,4.0,
very,1.0,54.0
calloptoutlf,1.0,
pmsgrcvdhgsuitelandsrowwjhl,3.0,
wwwldewcom,2.0,
winppmxage,1.0,
arsenal,1.0,
dartboard,1.0,
condition,1.0,
but,4.0,320.0
doubles,1.0,
trebles,1.0,
textpod,2.0,
pod,3.0,
wwwtextpodnet,2.0,
optin,1.0,
whats,1.0,27.0
bbc,1.0,
charts,1.0,
summers,1.0,
finally,1.0,9.0
matched,1.0,
claire,2.0,1.0
havin,1.0,2.0
borin,1.0,1.0
time,12.0,143.0
alone,3.0,9.0
nite,4.0,15.0
hope,4.0,73.0
bought,1.0,1.0
costing,2.0,
offering,1.0,
xxxxxxxxx,3.0,
reach,5.0,21.0
latests,1.0,
wordcollect,1.0,
tcllc,1.0,
nyusa,1.0,
pmt,1.0,1.0
msgrcvd,2.0,
lucy,2.0,
hubby,1.0,1.0
meetins,1.0,
fri,2.0,11.0
hotel,2.0,3.0
cumin,1.0,
leave,2.0,35.0
callsminmobsmorelkpoboxhpfl,2.0,
credited,1.0,3.0
wwwbiz,1.0,
jsco,2.0,
high,3.0,4.0
where,2.0,82.0
leadership,1.0,
skills,1.0,
strong,1.0,4.0
psychic,1.0,
wquestion,1.0,
vote,1.0,1.0
sing,2.0,1.0
along,1.0,1.0
stars,1.0,2.0
karaoke,1.0,1.0
brand,3.0,2.0
arrive,6.0,1.0
shortly,3.0,1.0
install,1.0,
browse,1.0,
artists,1.0,
auction,10.0,1.0
plus,6.0,13.0
wwworangecoukow,1.0,
olympics,1.0,
rtking,1.0,
pro,1.0,
inforingtonekingcouk,1.0,
redeemable,1.0,
wwwringtonekingcouk,1.0,
stay,3.0,16.0
british,2.0,
hotels,2.0,
london,1.0,1.0
bx,3.0,
swss,2.0,
eerie,4.0,
rply,4.0,5.0
title,3.0,
dracula,2.0,
titles,3.0,
ghost,2.0,
addamsfa,2.0,
munsters,2.0,
exorcist,2.0,
twilight,2.0,
anetworks,1.0,
allow,1.0,
companies,1.0,
bill,1.0,6.0
responsible,1.0,
their,1.0,10.0
suppliers,1.0,
freemsgfeelin,1.0,
kinda,1.0,8.0
lnly,1.0,
jst,1.0,1.0
cam,1.0,2.0
moby,3.0,
pictxt,1.0,
msgp,1.0,
hlp,1.0,
action,3.0,
wwwmovietriviatv,2.0,
rgent,1.0,
lookin,1.0,3.0
daytime,1.0,
wiv,2.0,6.0
busty,1.0,
married,2.0,5.0
woman,1.0,3.0
sort,1.0,7.0
janinexx,1.0,
monthly,1.0,2.0
mobsicom,1.0,
four,1.0,2.0
digits,1.0,
received,1.0,1.0
ringtoneget,2.0,
freesend,2.0,
weekstop,2.0,
sorry,3.0,118.0
ordered,2.0,1.0
sufficient,1.0,1.0
hard,3.0,9.0
connect,2.0,2.0
biggest,2.0,1.0
vu,2.0,
bcmwcnxx,2.0,
wow,1.0,6.0
boys,2.0,1.0
tour,3.0,2.0
tickets,3.0,6.0
prebook,1.0,
trackmarque,1.0,
infovipclubu,1.0,
mandy,1.0,
sullivan,1.0,
hotmix,1.0,
fmyou,1.0,
chosen,2.0,
easter,1.0,1.0
drawplease,1.0,
telephone,1.0,
transferred,1.0,
else,1.0,15.0
going,4.0,130.0
bahamas,4.0,
callfreefone,2.0,
cruise,2.0,
conacted,1.0,
youto,1.0,
poboxntf,1.0,
ibh,2.0,
txtauctiontxt,2.0,
wordstart,2.0,
nowt,2.0,
buy,1.0,45.0
space,1.0,5.0
invaders,1.0,
orig,1.0,
arcade,2.0,
console,1.0,
press,1.0,10.0
ocoukgames,1.0,
settings,1.0,1.0
purchase,2.0,1.0
big,1.0,26.0
brother,1.0,11.0
alert,3.0,
computer,2.0,4.0
cro,1.0,
mr,1.0,6.0
foley,1.0,
exciting,3.0,2.0
prizes,1.0,
eye,1.0,
wwwwincouk,1.0,
hottest,1.0,
straight,2.0,4.0
wet,2.0,3.0
wanting,1.0,3.0
costs,1.0,2.0
gga,2.0,
hack,1.0,
backdoor,1.0,
rooms,1.0,3.0
fraction,1.0,
neo,1.0,
subscribe,1.0,
dps,1.0,
upto,2.0,1.0
xnet,1.0,
minstxtmth,1.0,
btooth,2.0,
optoutdwv,1.0,
btnationalrate,6.0,
prizeto,1.0,
would,2.0,60.0
nearly,1.0,1.0
banned,1.0,
xxxxxxx,1.0,1.0
abta,2.0,
extreme,1.0,
dirty,1.0,2.0
office,1.0,19.0
right,2.0,73.0
total,1.0,1.0
privacy,1.0,1.0
knows,1.0,9.0
sic,1.0,
listening,1.0,2.0
these,2.0,12.0
videopic,1.0,
fones,1.0,
wild,1.0,
ill,1.0,190.0
hurry,1.0,5.0
prcvd,1.0,
stopstop,1.0,
details,5.0,11.0
rpl,1.0,
cnl,1.0,
tells,2.0,2.0
personal,2.0,3.0
prompts,2.0,
careful,2.0,2.0
vpod,1.0,
minded,1.0,
yourself,1.0,19.0
theres,1.0,20.0
evening,1.0,20.0
minapn,1.0,
lsbb,1.0,
done,2.0,37.0
costa,4.0,
del,5.0,1.0
sol,4.0,
toclaim,3.0,
stockport,3.0,
costpm,3.0,
maxmins,3.0,
fifa,1.0,
world,1.0,24.0
held,1.0,1.0
enjoyed,2.0,2.0
helpp,3.0,
provided,3.0,
tonesyoucouk,2.0,
themobyo,1.0,
yo,1.0,30.0
yohere,1.0,
downloads,2.0,
members,3.0,
open,1.0,9.0
fone,3.0,5.0
great,5.0,73.0
freefone,2.0,
starting,2.0,5.0
skillgamewinaweek,1.0,
ageppermesssubscription,1.0,
cast,1.0,
aom,2.0,
gbpmonth,1.0,
boxm,1.0,
er,1.0,1.0
ages,1.0,2.0
boxnqp,3.0,
gender,2.0,
wither,1.0,
egf,1.0,
men,2.0,4.0
egg,1.0,1.0
messagestext,1.0,
nowuse,1.0,
webmobile,1.0,
txtcom,1.0,
lawu,1.0,
txtx,1.0,
freeringtonereply,1.0,
official,2.0,1.0
flag,4.0,
yer,2.0,
eng,2.0,
wwx,2.0,
subs,3.0,
inclusive,3.0,
ip,2.0,1.0
hols,2.0,1.0
med,2.0,1.0
stamped,2.0,
self,2.0,3.0
envelope,2.0,4.0
drinks,2.0,2.0
bray,2.0,
wicklow,2.0,
eire,2.0,
starts,4.0,5.0
saturday,4.0,7.0
wwwidewcom,1.0,
skillgame,1.0,
winaweek,1.0,
ppermesssubscription,1.0,
bu,1.0,
wc,1.0,
marsms,1.0,
wwwbutelecom,1.0,
buffy,1.0,
satisfy,1.0,
home,2.0,115.0
pix,3.0,2.0
qlynnbv,1.0,
cross,2.0,1.0
ntwk,3.0,
bundle,1.0,
deals,1.0,
also,3.0,49.0
avble,1.0,
calloptoutj,1.0,
mf,1.0,
ref,3.0,
ya,1.0,43.0
goten,1.0,
bout,1.0,12.0
scammers,1.0,
smartthough,1.0,
regular,1.0,2.0
respond,1.0,2.0
prem,1.0,
msgsubscription,1.0,
nos,1.0,2.0
used,1.0,9.0
beware,1.0,2.0
morro,1.0,
term,2.0,1.0
passion,1.0,
dena,1.0,
minmobsmorelkpoboxhpfl,1.0,
splashmobile,1.0,
subscrition,1.0,
heard,3.0,7.0
while,3.0,18.0
rude,3.0,1.0
wan,4.0,39.0
gettin,2.0,7.0
shagged,2.0,
lost,2.0,10.0
oranges,1.0,
weekend,2.0,19.0
upd,1.0,
stoptx,1.0,
mailbox,2.0,
messaging,2.0,
retrieve,2.0,
pub,2.0,10.0
quizwin,2.0,
street,2.0,4.0
duchess,2.0,
cornwall,2.0,1.0
sp,2.0,
arrow,1.0,
tddnewsletteremccouk,1.0,
thedailydraw,1.0,
helen,1.0,1.0
dozens,1.0,
prizeswith,1.0,
nqp,1.0,
freenokia,1.0,
oroptouthvd,1.0,
ringtones,4.0,
restrictions,1.0,
buddys,1.0,
sir,1.0,26.0
spook,3.0,
halloween,2.0,
logopic,2.0,
fantasy,4.0,
football,2.0,2.0
sky,4.0,1.0
gamestar,2.0,
active,2.0,
scoring,2.0,
register,2.0,1.0
nowsky,2.0,
expired,1.0,
resub,1.0,
monoc,1.0,
monos,1.0,
polyc,1.0,
stream,1.0,
draws,1.0,
town,3.0,19.0
adult,3.0,1.0
becausethey,1.0,
wrg,1.0,
baby,1.0,20.0
nasty,1.0,1.0
thing,1.0,40.0
filthyguys,1.0,
bitch,1.0,3.0
slo,1.0,
slomsgs,1.0,
gotto,1.0,
comukcm,1.0,
ithis,1.0,
created,1.0,2.0
page,1.0,5.0
wwwasjesuscom,1.0,
read,1.0,10.0
wrote,1.0,
opinions,1.0,1.0
wwwmusictrivianet,1.0,
sppok,1.0,
complementary,1.0,
wa,1.0,2.0
px,1.0,1.0
sender,1.0,
hol,1.0,1.0
hvae,1.0,
aclpm,2.0,
poboxtcrw,1.0,
logos,1.0,
infotxtcouk,1.0,
mini,1.0,2.0
snap,1.0,
quizclub,1.0,
sprwm,1.0,
ph,1.0,1.0
brought,2.0,1.0
gmw,1.0,
connected,1.0,
amazing,2.0,1.0
picsfree,2.0,
vid,1.0,
keyword,1.0,
ten,1.0,11.0
tarot,1.0,
horniest,1.0,
follow,2.0,1.0
instructions,2.0,
nytecalpmsgp,1.0,
knock,2.0,
whose,1.0,1.0
wwwtklscom,1.0,
stoptxtstopweek,1.0,
ccpmin,1.0,
look,2.0,21.0
w,1.0,10.0
wq,1.0,
norm,2.0,1.0
park,1.0,7.0
lp,2.0,
response,1.0,1.0
hit,3.0,8.0
include,1.0,1.0
mcflyall,1.0,
ab,1.0,
sara,1.0,
jorgeshock,1.0,
smithswitch,1.0,
sports,2.0,1.0
fans,1.0,
str,2.0,3.0
txtp,1.0,
europe,1.0,1.0
sept,3.0,
bannfwflyppm,1.0,
fastest,2.0,
growing,2.0,
tariffs,4.0,
stoptxt,3.0,
luxury,1.0,1.0
canary,1.0,
islands,1.0,1.0
maq,1.0,
james,1.0,1.0
ehrr,1.0,
women,1.0,2.0
instantly,1.0,1.0
bcmsfwcnxx,1.0,
burger,2.0,1.0
king,3.0,2.0
footy,1.0,
stadium,1.0,
large,1.0,
super,1.0,3.0
cocacola,1.0,
walk,1.0,12.0
little,1.0,20.0
child,1.0,2.0
afraid,1.0,2.0
dark,1.0,2.0
become,1.0,5.0
teenager,1.0,
wants,1.0,15.0
night,4.0,81.0
bin,1.0,3.0
instant,1.0,
wins,1.0,2.0
freemsgfav,1.0,
tonesreply,1.0,
mobs,1.0,
breathe,1.0,2.0
crazyin,1.0,
sleepingwith,1.0,
finest,1.0,
ymca,1.0,
getzedcouk,1.0,
poboxowwq,1.0,
interflora,2.0,
too,1.0,81.0
late,1.0,47.0
flowers,1.0,
christmas,1.0,9.0
midnight,1.0,5.0
romcapspam,1.0,
everyone,2.0,14.0
responding,1.0,2.0
presence,1.0,
since,2.0,20.0
warm,2.0,7.0
outgoing,1.0,
bringing,1.0,3.0
breath,1.0,1.0
youve,4.0,8.0
freemessage,1.0,
jamsterget,1.0,
crazy,3.0,8.0
frog,1.0,
sound,1.0,7.0
mad,2.0,1.0
sounds,1.0,11.0
reality,2.0,1.0
show,2.0,13.0
porn,4.0,
stopbcm,1.0,
sf,1.0,
pdatenow,1.0,
calloptoutyhl,1.0,
yet,2.0,40.0
package,1.0,2.0
resubmit,1.0,
request,1.0,6.0
expiry,1.0,
youre,2.0,40.0
driving,2.0,13.0
anyone,1.0,13.0
slower,1.0,
than,2.0,28.0
idiot,1.0,1.0
faster,1.0,3.0
maniac,1.0,
calloptoutqf,1.0,
professional,1.0,
tiger,1.0,
woods,1.0,
pt,1.0,
improved,2.0,
msgsp,2.0,
minscall,1.0,
calloptoutjq,1.0,
chrgdp,1.0,
exit,1.0,
unsubscribed,1.0,
tons,1.0,1.0
hunks,1.0,
httpgotbabescouk,1.0,
subscriptions,1.0,
abroad,1.0,
lonely,1.0,2.0
xxsp,1.0,
visionsmscom,1.0,
stopcost,1.0,
being,4.0,27.0
agent,1.0,
loads,1.0,9.0
goodies,1.0,
mat,1.0,
lord,1.0,
ringsreturn,1.0,
nowreply,1.0,
lotr,2.0,1.0
june,1.0,2.0
soundtrack,1.0,
stdtxtrate,1.0,
feb,1.0,3.0
removal,1.0,
classic,1.0,
nokiap,1.0,
polyp,1.0,
lookatme,2.0,
clip,1.0,
better,1.0,30.0
mmsto,1.0,
vat,1.0,
cancel,2.0,2.0
httpwwwetlpcoukreward,1.0,
skilgmetscswinawkageperwksub,1.0,
y,1.0,28.0
deliveredtomorrow,2.0,
minutes,3.0,23.0
fromm,2.0,
hava,1.0,
rct,1.0,
thnq,1.0,
adrian,1.0,
rgds,1.0,
vatian,1.0,
poboxwtgp,2.0,
missed,1.0,14.0
needs,1.0,12.0
lose,1.0,19.0
boxskwpppm,1.0,
msgwe,1.0,
billed,1.0,
mistake,1.0,6.0
shortcode,1.0,
charges,1.0,3.0
refundedthis,1.0,
never,1.0,25.0
much,1.0,83.0
came,1.0,21.0
made,1.0,21.0
truly,2.0,2.0
wont,2.0,40.0
gbpsms,1.0,
deltomorrow,1.0,
begin,1.0,4.0
smartcall,1.0,
subscriptngbpwk,1.0,
landlineonly,1.0,
cameravideo,1.0,
save,2.0,4.0
textsweekend,1.0,
callback,1.0,
orno,1.0,
fink,1.0,
met,1.0,8.0
promised,1.0,
carlie,1.0,
callsminmobsmore,1.0,
lkpoboxhpfl,1.0,
movie,2.0,16.0
films,2.0,1.0
ts,2.0,
wedding,1.0,1.0
lingerie,1.0,
wwwbridalpetticoatdreamscouk,1.0,
superb,1.0,1.0
weddingfriend,1.0,
knickers,1.0,
beg,1.0,1.0
nikiyunet,1.0,
bloomberg,2.0,
center,2.0,2.0
wait,2.0,45.0
httpcareers,2.0,
bloombergcom,2.0,
meetgreet,2.0,
westlife,2.0,
unbreakable,2.0,
untamed,2.0,
unkempt,2.0,
dorothykiefercom,1.0,
bank,2.0,9.0
granite,2.0,
issues,2.0,2.0
strongbuy,2.0,
explosive,2.0,
pick,2.0,50.0
nasdaq,2.0,
symbol,2.0,1.0
cdgt,2.0,
ppmpoboxbhambxe,1.0,
during,1.0,6.0
thurs,2.0,3.0
sat,1.0,21.0
theyre,1.0,6.0
selling,1.0,3.0
fast,1.0,13.0
rock,1.0,10.0
chik,1.0,
filth,1.0,
saristar,1.0,
yt,1.0,
wirenet,1.0,
stterms,1.0,
mobcudb,1.0,
j,1.0,5.0
boxcpm,1.0,
banneduk,1.0,
round,1.0,5.0
highest,1.0,
maximum,1.0,
bids,1.0,1.0
flight,1.0,2.0
wwwrtfsphostingcom,1.0,
believe,1.0,11.0
incredible,1.0,
learn,1.0,4.0
things,1.0,38.0
blow,1.0,1.0
mind,1.0,32.0
ofwd,1.0,
ptxt,1.0,
willing,1.0,5.0
strt,1.0,
ltdhelpdesk,1.0,
tonights,1.0,
recently,1.0,4.0
unable,1.0,3.0
reschedule,1.0,
mytonecomenjoy,1.0,
html,1.0,
mfl,1.0,
wamma,1.0,
laidwant,1.0,
doggin,1.0,
dogs,1.0,
nownyt,1.0,
promotion,1.0,
colourredtextcolourtxtstar,1.0,
wildest,1.0,
tfp,1.0,
class,2.0,38.0
airport,1.0,3.0
lounge,1.0,1.0
passes,1.0,
using,1.0,4.0
booking,1.0,1.0
quote,1.0,4.0
sxy,1.0,
mila,1.0,
blonde,1.0,
mtalk,1.0,
pptxt,1.0,
increments,1.0,
mobstorequizppm,1.0,
funk,1.0,
tonesu,1.0,
twinks,1.0,
scallies,1.0,
skins,1.0,
jocks,1.0,
nat,1.0,
iscoming,1.0,1.0
tnc,1.0,
row,1.0,2.0
blu,2.0,
concert,1.0,
november,1.0,
costmax,1.0,
single,1.0,7.0
nowsend,1.0,
cncl,1.0,
stopcs,1.0,
ringtonefrom,1.0,
httptms,1.0,
widelivecomindex,1.0,
wmlidbaeceffffirsttruejul,1.0,
oh,1.0,75.0
god,1.0,24.0
ive,1.0,56.0
found,1.0,15.0
glad,1.0,5.0
xafter,1.0,
cst,1.0,
chg,1.0,
picture,1.0,2.0
httpaltocoukwavewaveaspo,1.0,
calloptouthf,1.0,
xxxxx,1.0,1.0
freeringtone,1.0,
pushbutton,1.0,
dontcha,1.0,
babygoodbye,1.0,
golddigger,1.0,
webeburnin,1.0,
gnarls,1.0,
barkleys,1.0,
totally,1.0,3.0
secured,1.0,
unsecured,1.0,
picked,1.0,4.0
calloptout,1.0,
ringtoneking,1.0,
housewives,1.0,
btnational,1.0,
landlines,1.0,
receiving,2.0,1.0
triple,1.0,
echo,1.0,
dial,1.0,
xyour,1.0,
accessible,1.0,
la,1.0,5.0
poboxldns,1.0,
tbspersolvo,1.0,
chasing,1.0,2.0
definitely,1.0,4.0
paying,1.0,6.0
ignore,1.0,3.0
them,1.0,62.0
kath,1.0,
manchester,1.0,
loans,1.0,1.0
bad,1.0,20.0
noworriesloanscom,1.0,
season,1.0,4.0
wks,1.0,2.0
goals,1.0,
villa,1.0,
brings,1.0,4.0
heroes,1.0,
tips,1.0,
gsoh,1.0,
spam,1.0,
ladiesu,1.0,
gigolo,1.0,
mens,1.0,
oncall,1.0,
mjzgroup,1.0,
ukp,1.0,
spjanuary,1.0,
simpsons,1.0,
released,1.0,2.0
band,1.0,
died,1.0,5.0
film,1.0,5.0
agreen,1.0,
bblue,1.0,
cred,1.0,
amanda,1.0,
regard,1.0,
renewing,1.0,
upgrading,1.0,
current,1.0,2.0
tel,1.0,9.0
subject,1.0,
httpwwwwtlpcouktext,1.0,
jurong,,1.0
point,,11.0
bugis,,6.0
buffet,,2.0
cine,,7.0
amore,,1.0
wat,,71.0
lar,,30.0
joking,,2.0
wif,,18.0
oni,,3.0
dun,,40.0
say,,72.0
early,,29.0
hor,,1.0
nah,,9.0
he,,139.0
goes,,23.0
usf,,6.0
lives,,3.0
though,,19.0
treat,,14.0
aids,,1.0
patent,,1.0
melle,,6.0
oru,,4.0
minnaminunginte,,3.0
nurungu,,3.0
vettam,,3.0
callertune,,10.0
callers,,5.0
copy,,8.0
gonna,,42.0
anymore,,8.0
cried,,1.0
searching,,4.0
words,,17.0
breather,,1.0
promise,,8.0
granted,,1.0
fulfil,,1.0
wonderful,,11.0
blessing,,2.0
times,,18.0
sunday,,7.0
kim,,1.0
watching,,24.0
eh,,10.0
remember,,26.0
spell,,3.0
his,,43.0
naughty,,5.0
fine,,31.0
thats,,74.0
feel,,55.0
gota,,1.0
seriously,,7.0
ha,,13.0
stock,,4.0
comin,,10.0
aft,,16.0
finish,,29.0
lunch,,32.0
lor,,121.0
ard,,16.0
smth,,8.0
ffffffffff,,1.0
alright,,18.0
sooner,,3.0
forced,,1.0
myself,,8.0
eat,,30.0
slice,,2.0
tho,,12.0
sucks,,4.0
mark,,4.0
worried,,8.0
sick,,9.0
turn,,3.0
pizza,,6.0
lol,,58.0
always,,48.0
convincing,,1.0
catch,,8.0
bus,,20.0
frying,,3.0
tea,,3.0
eating,,7.0
moms,,8.0
left,,21.0
dinner,,22.0
amp,,65.0
packing,,1.0
car,,30.0
let,,53.0
room,,27.0
ahhh,,1.0
vaguely,,1.0
clear,,3.0
sure,,57.0
sarcastic,,1.0
doesnt,,25.0
apologetic,,1.0
fallen,,1.0
she,,95.0
actin,,1.0
spoilt,,1.0
caught,,3.0
doing,,60.0
badly,,1.0
cheers,,4.0
anything,,47.0
fear,,3.0
fainting,,1.0
housework,,1.0
quick,,5.0
cuppa,,1.0
yup,,29.0
timings,,1.0
xuhui,,2.0
lesson,,12.0
oops,,6.0
roommates,,4.0
letter,,3.0
decide,,8.0
hows,,29.0
texting,,4.0
youd,,5.0
decided,,10.0
tomo,,16.0
invite,,3.0
ahead,,7.0
watts,,1.0
wanted,,21.0
abiola,,11.0
crave,,8.0
sweet,,25.0
arabian,,1.0
steed,,1.0
mmmmmm,,2.0
yummy,,2.0
seeing,,11.0
man,,36.0
endowed,,1.0
ltgt,,218.0
inches,,3.0
callsmessagesmissed,,3.0
didnt,,57.0
hep,,1.0
immunisation,,1.0
nigeria,,5.0
fair,,2.0
hopefully,,4.0
tyler,,3.0
maybe,,23.0
ask,,61.0
bit,,31.0
stubborn,,1.0
hospital,,4.0
telling,,13.0
weak,,4.0
sucker,,1.0
hospitals,,2.0
suckers,,1.0
thinked,,1.0
saw,,17.0
gram,,3.0
usually,,6.0
runs,,3.0
eighth,,1.0
smarter,,1.0
gets,,8.0
almost,,11.0
whole,,13.0
second,,13.0
fyi,,3.0
ride,,3.0
morning,,62.0
hes,,25.0
crashing,,1.0
realized,,2.0
embarassed,,4.0
accomodations,,1.0
liked,,5.0
seemed,,3.0
happy,,87.0
cave,,1.0
offered,,1.0
embarassing,,1.0
mallika,,1.0
sherawat,,1.0
lturlgt,,3.0
later,,89.0
meeting,,29.0
reached,,6.0
yesgauti,,1.0
sehwag,,1.0
odi,,2.0
series,,4.0
move,,10.0
pain,,19.0
killing,,2.0
joke,,4.0
situation,,7.0
seekers,,1.0
checking,,6.0
iq,,3.0
took,,18.0
forever,,6.0
hair,,18.0
dresser,,3.0
said,,71.0
wun,,6.0
cut,,10.0
short,,8.0
nice,,41.0
dedicated,,2.0
dedicate,,2.0
valuable,,3.0
frnds,,12.0
plane,,5.0
wah,,4.0
hee,,11.0
finished,,16.0
something,,49.0
kkwhere,,2.0
youhow,,1.0
performed,,1.0
machan,,2.0
once,,29.0
gentleman,,3.0
dignity,,3.0
respect,,3.0
peoples,,1.0
shy,,2.0
pa,,25.0
operate,,1.0
same,,34.0
job,,36.0
tas,,1.0
earn,,1.0
ah,,22.0
urgnt,,4.0
jacket,,1.0
multis,,1.0
started,,9.0
bed,,27.0
coins,,4.0
factory,,1.0
gotta,,10.0
nitros,,1.0
ela,,2.0
kanoil,,1.0
wen,,17.0
stand,,5.0
another,,27.0
spent,,7.0
afternoon,,23.0
casualty,,1.0
means,,21.0
stuffmoro,,1.0
includes,,1.0
sheets,,3.0
smile,,30.0
pleasure,,5.0
trouble,,7.0
pours,,1.0
rain,,8.0
sum,,3.0
hurts,,4.0
becoz,,3.0
loves,,5.0
smiling,,11.0
planning,,5.0
lido,,3.0
telugu,,1.0
moviewat,,1.0
abt,,22.0
run,,18.0
forgot,,21.0
hairdressers,,1.0
appointment,,4.0
shower,,6.0
beforehand,,1.0
cause,,15.0
prob,,11.0
uham,,1.0
okay,,21.0
long,,32.0
legal,,3.0
ams,,1.0
gone,,10.0
test,,17.0
mean,,16.0
gave,,6.0
boston,,3.0
location,,2.0
nyc,,2.0
cuz,,6.0
signin,,1.0
says,,19.0
umma,,6.0
vava,,2.0
lot,,26.0
wishes,,6.0
making,,21.0
memorable,,1.0
aight,,26.0
considering,,2.0
isnt,,17.0
minecraft,,1.0
server,,1.0
grumpy,,1.0
mom,,9.0
lying,,1.0
jokes,,4.0
worry,,21.0
busy,,14.0
plural,,1.0
noun,,2.0
research,,4.0
dinnermsg,,1.0
cos,,52.0
scared,,4.0
mah,,10.0
loud,,2.0
openin,,1.0
sentence,,3.0
formal,,1.0
anyway,,16.0
juz,,16.0
tt,,3.0
eatin,,5.0
puttin,,1.0
weighthaha,,1.0
anythin,,2.0
happened,,11.0
cabin,,5.0
bday,,12.0
boss,,8.0
felt,,13.0
askd,,11.0
apartment,,8.0
went,,50.0
goodo,,2.0
friday,,11.0
eggpotato,,1.0
ratio,,1.0
tortilla,,2.0
needed,,2.0
hmmmy,,1.0
uncle,,7.0
school,,17.0
directly,,3.0
food,,20.0
applespairsall,,1.0
malarky,,1.0
sao,,1.0
mu,,13.0
predict,,1.0
ll,,7.0
buying,,4.0
knowyetunde,,1.0
hasnt,,4.0
bother,,5.0
sending,,8.0
involve,,1.0
shouldnt,,5.0
imposed,,1.0
apologise,,3.0
bak,,7.0
lucyxx,,1.0
kkhow,,3.0
tmorrowpls,,1.0
accomodate,,1.0
haf,,15.0
msn,,1.0
yijuehotmailcom,,1.0
befor,,2.0
activities,,3.0
lazy,,8.0
type,,11.0
lect,,9.0
pouch,,2.0
mail,,22.0
swt,,2.0
nver,,1.0
tired,,9.0
lovable,,9.0
persons,,6.0
cozsomtimes,,1.0
those,,23.0
occupy,,1.0
hearts,,1.0
gud,,37.0
ni,,6.0
staff,,2.0
ummmawill,,1.0
inour,,1.0
qatar,,4.0
pray,,6.0
ki,,6.0
deleted,,3.0
sindu,,1.0
birla,,3.0
soft,,3.0
wine,,7.0
flowing,,2.0
nevering,,1.0
thk,,41.0
plaza,,2.0
typical,,1.0
everywhere,,2.0
dirt,,1.0
floor,,3.0
windows,,2.0
shirt,,4.0
sometimes,,8.0
mouth,,2.0
without,,22.0
chores,,1.0
joy,,3.0
exist,,1.0
hail,,1.0
mist,,1.0
aaooooright,,1.0
leaving,,13.0
house,,25.0
interview,,4.0
boy,,18.0
meare,,1.0
missing,,20.0
safe,,8.0
envy,,1.0
sees,,1.0
parentsi,,1.0
hand,,11.0
excited,,1.0
spend,,8.0
cultures,,1.0
module,,1.0
avoid,,2.0
missunderstding,,1.0
wit,,9.0
beloved,,1.0
ones,,7.0
escape,,3.0
bridge,,1.0
lager,,1.0
formclark,,2.0
utter,,2.0
waste,,5.0
axis,,1.0
hmmm,,8.0
hop,,7.0
discuss,,3.0
liao,,25.0
coming,,33.0
bloody,,3.0
hell,,9.0
surname,,1.0
clue,,1.0
spanish,,1.0
begins,,1.0
bath,,10.0
goodfine,,1.0
carlos,,12.0
mall,,2.0
turns,,5.0
staying,,5.0
til,,18.0
smoke,,17.0
spoke,,5.0
maneesha,,3.0
satisfied,,3.0
experience,,6.0
toll,,3.0
lifted,,1.0
hopes,,1.0
especially,,5.0
approaches,,1.0
studying,,5.0
anyways,,4.0
trust,,8.0
greatbye,,1.0
handsome,,1.0
finding,,1.0
working,,23.0
towards,,6.0
net,,7.0
mummy,,2.0
wheres,,6.0
boytoy,,11.0
haha,,40.0
awesome,,15.0
radio,,2.0
jus,,27.0
bathe,,9.0
sis,,14.0
finishes,,3.0
league,,1.0
deal,,6.0
completed,,2.0
course,,7.0
itself,,9.0
suggest,,3.0
stays,,2.0
able,,18.0
ors,,1.0
stool,,1.0
settled,,4.0
wishin,,2.0
mrng,,12.0
hav,,21.0
story,,15.0
hamster,,1.0
dead,,6.0
tmr,,21.0
orchard,,7.0
mrt,,5.0
kate,,6.0
babyjontet,,1.0
enc,,1.0
bucks,,4.0
darlin,,11.0
college,,12.0
refilled,,2.0
successfully,,3.0
inr,,2.0
ltdecimalgt,,20.0
keralacircle,,2.0
prepaid,,2.0
rs,,7.0
transaction,,5.0
kr,,2.0
goodmorning,,13.0
sleeping,,16.0
ga,,1.0
alter,,1.0
dat,,25.0
ericsson,,1.0
oso,,18.0
cannot,,5.0
oredi,,13.0
dats,,3.0
dogg,,1.0
connection,,2.0
refund,,1.0
both,,13.0
shoot,,4.0
bruv,,2.0
rewarding,,1.0
semester,,7.0
kkgoodstudy,,1.0
noe,,16.0
leh,,20.0
heading,,2.0
prediction,,1.0
slept,,5.0
past,,6.0
few,,36.0
ahsen,,2.0
exam,,8.0
march,,11.0
gt,,5.0
atm,,1.0
os,,2.0
called,,24.0
ubandu,,1.0
installing,,1.0
diskyou,,1.0
files,,4.0
system,,5.0
repair,,1.0
happen,,16.0
scenery,,1.0
appreciate,,6.0
elama,,1.0
mudyadhu,,1.0
strict,,1.0
teacher,,3.0
bcoz,,9.0
teaches,,4.0
conducts,,2.0
lessons,,7.0
gandhipuram,,1.0
road,,7.0
side,,9.0
rubber,,1.0
battery,,7.0
yeshere,,2.0
printed,,2.0
upstairs,,2.0
closer,,4.0
youwhen,,1.0
wil,,10.0
theory,,3.0
argument,,4.0
loses,,2.0
person,,29.0
argue,,2.0
tomarrow,,2.0
hearing,,1.0
laptop,,12.0
case,,13.0
pleassssssseeeeee,,1.0
avent,,3.0
sportsx,,1.0
shining,,2.0
meant,,13.0
signing,,2.0
although,,1.0
told,,38.0
baig,,1.0
face,,11.0
watches,,1.0
watch,,26.0
fr,,10.0
thanx,,25.0
everything,,21.0
touched,,3.0
commercial,,2.0
slippers,,3.0
kallis,,6.0
bat,,2.0
innings,,3.0
goodnight,,4.0
fix,,3.0
wake,,20.0
dearly,,2.0
sleep,,38.0
ranjith,,2.0
cal,,5.0
drpd,,1.0
deeraj,,1.0
deepak,,1.0
hold,,10.0
bcums,,4.0
angry,,13.0
dnt,,12.0
coz,,17.0
childish,,5.0
showing,,7.0
deep,,7.0
affection,,4.0
kettoda,,4.0
manda,,4.0
doinghow,,2.0
ups,,1.0
shipping,,3.0
usps,,1.0
lag,,2.0
bribe,,1.0
nipost,,1.0
lemme,,5.0
necessarily,,1.0
expect,,4.0
headin,,2.0
mmm,,2.0
jolt,,2.0
parked,,3.0
own,,4.0
disturb,,8.0
luton,,1.0
h,,1.0
dint,,4.0
wana,,10.0
plan,,20.0
sometme,,1.0
evo,,1.0
flash,,2.0
jealous,,2.0
sorting,,1.0
narcotics,,1.0
ended,,5.0
sunny,,3.0
rays,,4.0
leaves,,8.0
worries,,7.0
blue,,10.0
bay,,3.0
might,,26.0
objection,,1.0
bf,,4.0
rob,,1.0
mack,,1.0
gf,,2.0
theater,,1.0
handed,,2.0
celebrations,,1.0
full,,16.0
swing,,8.0
tool,,2.0
far,,13.0
okie,,14.0
usual,,6.0
passed,,3.0
ahold,,1.0
anybody,,4.0
throw,,4.0
cruisin,,1.0
hour,,24.0
jenny,,2.0
ge,,4.0
dearshall,,1.0
tonitebusy,,1.0
streetshall,,1.0
tonitethings,,1.0
okvarunnathu,,1.0
edukkukayee,,1.0
raksha,,1.0
ollubut,,1.0
sense,,6.0
gautham,,2.0
stupid,,3.0
buzy,,3.0
accidentally,,2.0
resend,,2.0
unless,,6.0
gurl,,1.0
appropriate,,1.0
hurt,,16.0
tease,,1.0
cry,,4.0
die,,8.0
plz,,21.0
rose,,5.0
grave,,1.0
bslvyl,,10.0
coffee,,6.0
tomocant,,1.0
diesel,,1.0
shit,,27.0
shocking,,1.0
scary,,3.0
imagine,,6.0
def,,3.0
somewhere,,8.0
crash,,1.0
taxi,,2.0
fridge,,1.0
meal,,3.0
womdarfull,,1.0
actor,,2.0
remb,,1.0
jos,,1.0
friendship,,14.0
hanging,,3.0
thread,,2.0
garage,,2.0
keys,,2.0
arent,,5.0
bookshelf,,1.0
accept,,9.0
dayu,,3.0
sister,,14.0
clos,,3.0
lvblefrnd,,3.0
jstfrnd,,3.0
cutefrnd,,3.0
lifpartnr,,3.0
belovd,,4.0
swtheart,,3.0
bstfrnd,,3.0
enemy,,4.0
normal,,7.0
waythis,,1.0
uniquei,,1.0
rest,,7.0
mylife,,1.0
wot,,16.0
kkadvance,,1.0
pongal,,3.0
kb,,7.0
power,,6.0
yoga,,5.0
dunno,,26.0
tahan,,2.0
anot,,2.0
lo,,2.0
dude,,21.0
cake,,2.0
merry,,7.0
kisses,,2.0
cud,,4.0
ppl,,4.0
gona,,2.0
l,,2.0
buses,,2.0
gon,,1.0
waitin,,3.0
guild,,1.0
bristol,,2.0
plans,,8.0
problem,,20.0
dahow,,2.0
track,,5.0
record,,3.0
reading,,11.0
light,,13.0
kkapo,,1.0
kgood,,1.0
return,,3.0
evaporated,,1.0
violated,,2.0
stealing,,1.0
employers,,1.0
paperwork,,1.0
report,,3.0
supervisor,,3.0
tadaaaaa,,1.0
wined,,1.0
dined,,1.0
sleepingand,,2.0
surfing,,4.0
caroline,,1.0
favourite,,2.0
bless,,1.0
hiding,,1.0
stranger,,2.0
interested,,3.0
cleared,,3.0
two,,25.0
gudnitetcpractice,,2.0
yijue,,4.0
huiming,,1.0
num,,6.0
small,,8.0
prestige,,1.0
jeremiah,,1.0
iphone,,1.0
apeshit,,1.0
misbehaved,,2.0
slap,,3.0
urself,,6.0
fault,,5.0
basically,,2.0
figure,,8.0
alcohol,,3.0
jay,,10.0
safely,,1.0
weed,,6.0
ish,,12.0
ago,,10.0
wtf,,2.0
callingforgot,,1.0
onam,,1.0
sirjii,,1.0
remembered,,3.0
insurance,,4.0
personmeet,,1.0
insha,,1.0
allahrakhesh,,1.0
ex,,6.0
tata,,1.0
aig,,1.0
tisscotayseer,,1.0
unemployed,,2.0
moment,,6.0
andrewsboy,,1.0
cold,,6.0
posted,,5.0
chikku,,9.0
chikkudb,,1.0
audreys,,1.0
status,,1.0
forward,,6.0
dawns,,1.0
refreshed,,1.0
alive,,1.0
air,,7.0
z,,1.0
uniform,,1.0
geeee,,4.0
woke,,8.0
cuddling,,2.0
spoil,,1.0
talking,,8.0
agree,,2.0
seen,,7.0
mei,,6.0
didt,,5.0
recognise,,2.0
happening,,7.0
lindsay,,1.0
sighs,,5.0
bars,,1.0
ptbo,,2.0
heron,,1.0
payasam,,1.0
rinu,,1.0
taught,,1.0
becaus,,1.0
verifying,,1.0
project,,10.0
prabu,,1.0
body,,5.0
repairs,,1.0
quite,,26.0
tests,,3.0
guide,,4.0
ovulation,,2.0
relax,,2.0
reason,,10.0
followin,,1.0
couple,,9.0
wallet,,1.0
owl,,1.0
licks,,2.0
having,,33.0
huh,,15.0
intro,,3.0
pilates,,3.0
kickboxing,,1.0
lap,,1.0
shut,,1.0
performance,,1.0
calculated,,1.0
monthnot,,1.0
period,,2.0
actually,,25.0
putting,,5.0
business,,1.0
pictures,,4.0
ass,,11.0
facebook,,6.0
al,,6.0
salam,,1.0
wahleykkumsharing,,1.0
newsby,,1.0
grace,,1.0
tayseertissco,,1.0
joinedhope,,1.0
fineinshah,,1.0
allahmeet,,1.0
sometimerakheshvisitor,,1.0
india,,9.0
hmmmkbut,,1.0
change,,19.0
field,,2.0
quickly,,3.0
dai,,5.0
administrator,,2.0
chechi,,2.0
cream,,2.0
shipped,,1.0
none,,5.0
yep,,9.0
loxahatchee,,2.0
tree,,3.0
burning,,2.0
stoners,,1.0
slightly,,1.0
disastrous,,1.0
fav,,1.0
darlings,,1.0
wld,,2.0
drink,,11.0
busetop,,1.0
messagesome,,2.0
sendername,,2.0
sentdate,,2.0
fullonsmscom,,5.0
iron,,1.0
okies,,1.0
yan,,4.0
jiu,,4.0
skip,,1.0
den,,22.0
blah,,3.0
bring,,17.0
wendy,,1.0
whatsup,,2.0
goal,,1.0
head,,16.0
yesfrom,,1.0
siva,,1.0
hostel,,4.0
aha,,3.0
voice,,7.0
speaking,,2.0
expression,,2.0
sentiment,,1.0
rowdy,,1.0
ful,,2.0
attitude,,1.0
attractive,,1.0
funny,,8.0
irritating,,2.0
shell,,5.0
aathiwhere,,3.0
urination,,1.0
esplanade,,2.0
giving,,5.0
lift,,5.0
wnt,,5.0
bmw,,2.0
urgentlyits,,2.0
vry,,4.0
urgentbut,,2.0
hv,,3.0
shortage,,2.0
lacsthere,,2.0
source,,2.0
arng,,2.0
amt,,3.0
lacsthats,,2.0
fifteen,,3.0
fucking,,12.0
booked,,8.0
ticket,,5.0
hillsborough,,1.0
askin,,4.0
dollars,,4.0
shoul,,1.0
iouri,,1.0
applebees,,1.0
txtjourney,,1.0
gdnow,,1.0
yeshe,,3.0
greatbhaji,,2.0
cricketer,,2.0
sachin,,2.0
worldvery,,2.0
tough,,6.0
supposed,,7.0
oic,,3.0
tot,,12.0
din,,6.0
group,,5.0
werethe,,1.0
monkeespeople,,1.0
monkeyaround,,1.0
howdy,,1.0
gorgeous,,3.0
blimey,,1.0
exercise,,1.0
hmm,,7.0
concentration,,1.0
hanks,,1.0
lotsly,,1.0
kkwhat,,1.0
detail,,1.0
transferacc,,1.0
optimistic,,1.0
improve,,1.0
si,,3.0
oreo,,2.0
truffles,,2.0
amy,,1.0
ure,,8.0
beautiful,,16.0
intelligent,,3.0
result,,3.0
consistently,,1.0
kind,,10.0
asking,,9.0
practicum,,1.0
links,,1.0
ears,,1.0
ttyl,,5.0
thru,,5.0
different,,5.0
feelingwavering,,1.0
decisions,,2.0
coping,,2.0
individualtime,,1.0
heal,,1.0
gives,,4.0
reasons,,2.0
bye,,4.0
railway,,3.0
princess,,25.0
oral,,1.0
doggy,,3.0
style,,6.0
fave,,3.0
position,,2.0
roads,,2.0
slippery,,1.0
bike,,1.0
language,,1.0
screamed,,2.0
enters,,1.0
flat,,4.0
transfered,,2.0
banks,,2.0
differ,,1.0
differbe,,1.0
ja,,2.0
broken,,2.0
infront,,1.0
wise,,2.0
aathilove,,3.0
tension,,1.0
ahwhat,,1.0
machiany,,1.0
whenre,,1.0
thinking,,13.0
mcr,,1.0
sec,,5.0
taste,,2.0
fb,,6.0
jaykwon,,1.0
thuglyfe,,1.0
falconerf,,1.0
depends,,7.0
boye,,3.0
faded,,1.0
glory,,1.0
ralphs,,1.0
accounts,,2.0
dry,,4.0
trade,,2.0
sorryin,,2.0
reunion,,1.0
nowcan,,1.0
meh,,8.0
nope,,10.0
monday,,7.0
accenture,,1.0
jackson,,1.0
rec,,1.0
reache,,1.0
fighting,,4.0
fightng,,3.0
dificult,,3.0
nuerologist,,1.0
lolnice,,1.0
fish,,3.0
water,,7.0
outside,,12.0
westshore,,1.0
hyde,,2.0
village,,3.0
near,,7.0
anthony,,2.0
fees,,2.0
rent,,8.0
significance,,1.0
opinion,,7.0
jada,,3.0
kusruthi,,3.0
silent,,8.0
spl,,3.0
character,,5.0
matured,,3.0
stylish,,3.0
simple,,11.0
gs,,1.0
scrounge,,2.0
ammo,,1.0
ak,,1.0
prabhaim,,2.0
sorydarealyfrm,,2.0
sory,,2.0
forgiven,,2.0
nojst,,1.0
tat,,4.0
sno,,1.0
transport,,1.0
less,,6.0
problematic,,1.0
definite,,2.0
unconscious,,1.0
adults,,1.0
behave,,3.0
abnormally,,1.0
ebay,,2.0
elsewhere,,3.0
shall,,23.0
pickle,,2.0
tacos,,2.0
campus,,4.0
pretty,,10.0
lady,,6.0
doublefaggot,,1.0
todaysundaysunday,,2.0
holidayso,,2.0
hoping,,10.0
lr,,3.0
malaria,,1.0
bani,,1.0
leads,,1.0
passionate,,4.0
kiss,,21.0
across,,9.0
sea,,13.0
probably,,24.0
lt,,4.0
fat,,5.0
fingers,,5.0
buttons,,1.0
ummmmmaah,,2.0
returns,,3.0
tirupur,,2.0
famous,,1.0
develop,,2.0
ability,,2.0
unconditionally,,1.0
losing,,2.0
temper,,1.0
confidence,,4.0
oclock,,1.0
mine,,12.0
bash,,1.0
recovery,,2.0
rather,,5.0
cooped,,1.0
invitation,,1.0
cali,,1.0
english,,4.0
blokes,,2.0
weddin,,1.0
omw,,6.0
btw,,3.0
alibi,,1.0
cutting,,1.0
sink,,1.0
through,,9.0
paces,,1.0
cage,,1.0
cock,,2.0
surrounded,,1.0
reminding,,2.0
owns,,2.0
cuck,,1.0
weeddeficient,,1.0
three,,4.0
acknowledgement,,1.0
astoundingly,,1.0
tactless,,1.0
generally,,2.0
faggy,,1.0
demand,,1.0
blood,,3.0
oath,,1.0
fo,,2.0
milk,,3.0
magic,,1.0
loose,,2.0
weight,,6.0
pan,,2.0
perhaps,,1.0
silly,,1.0
likely,,3.0
uv,,1.0
causes,,1.0
mutations,,1.0
sunscreen,,1.0
essential,,2.0
thesedays,,1.0
lunchyou,,1.0
onlinewhy,,1.0
aiyo,,3.0
haven,,1.0
workin,,6.0
bao,,1.0
sugardad,,1.0
ahgee,,1.0
meim,,1.0
brownie,,1.0
geeeee,,1.0
barely,,4.0
fuck,,20.0
mrw,,3.0
ninish,,1.0
icky,,1.0
american,,3.0
freek,,1.0
callin,,2.0
jen,,2.0
oooh,,2.0
ridden,,1.0
ey,,2.0
gym,,7.0
whatever,,15.0
smiles,,4.0
daddy,,7.0
scream,,5.0
missy,,1.0
yar,,10.0
mum,,13.0
sch,,16.0
clean,,5.0
lab,,2.0
goggles,,1.0
arguing,,1.0
arngd,,1.0
marriage,,6.0
walkin,,1.0
unfortuntly,,1.0
snake,,3.0
bites,,1.0
dancing,,2.0
frnt,,1.0
sayin,,1.0
bite,,3.0
izzit,,5.0
exwife,,1.0
kids,,6.0
jjc,,1.0
tendencies,,1.0
headache,,3.0
quit,,4.0
jazz,,4.0
yogasana,,5.0
meive,,1.0
hardly,,2.0
gotany,,1.0
srsly,,1.0
yi,,1.0
grand,,3.0
prix,,1.0
stands,,1.0
nitz,,1.0
exhausted,,3.0
train,,6.0
pie,,3.0
mums,,3.0
present,,3.0
ar,,6.0
blastin,,1.0
tsunamis,,2.0
occur,,1.0
rajnikant,,1.0
stopped,,4.0
swimming,,2.0
indian,,4.0
oceand,,1.0
noon,,9.0
bridgwater,,1.0
banter,,1.0
neva,,13.0
imma,,6.0
somethin,,3.0
valentine,,4.0
answers,,3.0
ques,,1.0
suits,,1.0
bestrply,,1.0
dependents,,1.0
cer,,1.0
often,,3.0
soonc,,1.0
himthen,,1.0
hundreds,,1.0
handsomes,,1.0
beauties,,1.0
aunties,,1.0
uncles,,3.0
shock,,1.0
shuhui,,6.0
leona,,3.0
reaction,,2.0
family,,14.0
happiness,,10.0
snow,,11.0
weather,,6.0
together,,13.0
friendships,,1.0
grow,,1.0
dismay,,1.0
alex,,5.0
concerned,,1.0
bud,,2.0
useful,,2.0
officially,,2.0
market,,2.0
tootsie,,1.0
pop,,2.0
longer,,5.0
darren,,8.0
seventeen,,1.0
seven,,2.0
hundred,,1.0
ml,,1.0
sweetheart,,2.0
biola,,1.0
dad,,18.0
fetching,,1.0
restock,,1.0
thanksgiving,,2.0
effects,,1.0
brighten,,1.0
wee,,1.0
thursday,,3.0
allo,,1.0
braved,,1.0
taken,,2.0
trains,,1.0
triumphed,,1.0
bham,,1.0
jolly,,1.0
cartoon,,4.0
temple,,3.0
church,,3.0
uncomfortable,,1.0
gentle,,3.0
sonetimes,,1.0
rough,,1.0
panic,,1.0
tuesday,,5.0
wesleys,,1.0
bet,,4.0
hella,,3.0
drugs,,8.0
drug,,5.0
dealers,,1.0
impatient,,2.0
earth,,3.0
cloud,,1.0
river,,2.0
evng,,4.0
wikipediacom,,1.0
under,,4.0
lays,,2.0
paper,,10.0
repent,,1.0
fetch,,6.0
de,,17.0
prepare,,3.0
study,,6.0
positions,,1.0
kama,,1.0
sutra,,1.0
en,,2.0
nange,,1.0
bakra,,1.0
kalstiyathen,,1.0
teacoffee,,1.0
carlosll,,1.0
lakhs,,1.0
ho,,5.0
belly,,5.0
laugh,,5.0
ditto,,1.0
saying,,14.0
peace,,3.0
knw,,9.0
wetherspoons,,1.0
piggy,,1.0
awake,,3.0
freaky,,1.0
yelling,,1.0
scrappy,,1.0
hex,,1.0
explain,,4.0
sdrybi,,1.0
xy,,4.0
crying,,1.0
building,,2.0
map,,3.0
imprtant,,1.0
tomorw,,1.0
dearme,,1.0
cherthalain,,1.0
cochin,,2.0
bfore,,1.0
starti,,1.0
accordinglyor,,1.0
comingtmorow,,1.0
engaged,,1.0
torch,,3.0
bold,,5.0
farm,,2.0
law,,2.0
poop,,1.0
looks,,6.0
gpu,,2.0
entrepreneurs,,1.0
alexs,,1.0
corporation,,1.0
gap,,3.0
ku,,1.0
prevent,,1.0
dehydration,,1.0
fluids,,1.0
weird,,3.0
idea,,7.0
deari,,2.0
soso,,1.0
smsd,,1.0
trek,,1.0
harri,,1.0
drivin,,2.0
height,,4.0
aeronautics,,2.0
professors,,2.0
wer,,6.0
calld,,2.0
sit,,5.0
aeroplane,,2.0
aftr,,5.0
ws,,2.0
students,,6.0
dey,,4.0
hurried,,2.0
saidif,,2.0
seems,,7.0
timing,,4.0
shitstorm,,1.0
attributed,,1.0
stress,,1.0
dorm,,2.0
sell,,6.0
sth,,1.0
specs,,1.0
macha,,1.0
upseti,,1.0
assume,,3.0
mindsetbelieve,,1.0
uslet,,1.0
againcall,,1.0
sfine,,1.0
wondar,,1.0
flim,,1.0
cookies,,2.0
jelly,,1.0
stillmaybe,,1.0
sameso,,1.0
itor,,1.0
admiti,,1.0
madthen,,1.0
correctionor,,1.0
lifeand,,1.0
worldmay,,1.0
runninglets,,1.0
scrumptious,,1.0
ba,,2.0
dao,,1.0
halfth,,1.0
exactly,,4.0
jide,,1.0
visiting,,1.0
spring,,2.0
yay,,4.0
steak,,1.0
convincingjust,,1.0
twice,,5.0
neglect,,1.0
itjust,,1.0
tonite,,6.0
opportunityall,,1.0
fastpls,,1.0
add,,6.0
prayers,,1.0
dearrakhesh,,1.0
mayb,,5.0
rite,,12.0
gd,,10.0
gals,,4.0
attached,,1.0
hadnt,,1.0
clocks,,1.0
shouted,,2.0
realised,,1.0
wahay,,1.0
shorter,,3.0
gaze,,1.0
eyes,,6.0
weve,,4.0
spoken,,3.0
gist,,1.0
gimme,,2.0
lip,,2.0
caveboy,,1.0
library,,8.0
realy,,4.0
sorryi,,1.0
confused,,2.0
holla,,4.0
spare,,2.0
faith,,1.0
makes,,17.0
possiblehope,,1.0
worklove,,1.0
beautifulmay,,1.0
christmasmerry,,1.0
youcarlos,,1.0
isare,,1.0
vibrate,,1.0
acting,,1.0
grandmas,,1.0
hungover,,1.0
gua,,1.0
mt,,2.0
faber,,1.0
yest,,6.0
wishing,,7.0
mas,,3.0
advance,,6.0
goin,,16.0
meetin,,2.0
wonder,,10.0
tis,,4.0
dramatic,,1.0
schools,,2.0
closed,,2.0
apparently,,3.0
drive,,13.0
inch,,2.0
anywhere,,3.0
damn,,6.0
hunting,,1.0
drunkard,,1.0
wats,,9.0
idc,,1.0
weaseling,,1.0
picking,,10.0
trash,,1.0
smokes,,3.0
begging,,2.0
lovely,,13.0
guy,,16.0
slave,,7.0
punish,,1.0
beerage,,1.0
randomlly,,1.0
opening,,2.0
couldnt,,5.0
shes,,19.0
fixes,,1.0
spelling,,1.0
diff,,2.0
fondly,,1.0
bein,,2.0
thot,,2.0
ywhere,,1.0
dogbreath,,1.0
sounding,,1.0
jan,,3.0
omg,,3.0
weighed,,1.0
woohoo,,1.0
uncountable,,1.0
dictionary,,4.0
pieces,,3.0
petey,,1.0
whereare,,1.0
friendsare,,1.0
thekingshead,,1.0
canlove,,1.0
nic,,2.0
appt,,3.0
lttimegt,,6.0
dled,,1.0
imp,,2.0
aint,,9.0
smokin,,1.0
boooo,,1.0
bec,,2.0
ugh,,11.0
ssnervous,,1.0
costumes,,1.0
yowifes,,1.0
hint,,3.0
borrow,,2.0
bag,,4.0
model,,4.0
youi,,1.0
galileo,,1.0
dobby,,1.0
boo,,5.0
enjoyin,,1.0
yourjob,,1.0
hunnyhope,,1.0
oktake,,2.0
illspeak,,1.0
soonlots,,1.0
loveme,,2.0
xxxx,,1.0
starshine,,1.0
ache,,4.0
sips,,1.0
cappuccino,,2.0
teasing,,5.0
bits,,1.0
hahahause,,1.0
brain,,1.0
turned,,1.0
green,,4.0
burial,,1.0
mojibiola,,1.0
mate,,9.0
rv,,1.0
roadsrvx,,1.0
skyped,,2.0
kz,,2.0
sura,,4.0
given,,2.0
ultimatum,,2.0
countin,,2.0
aburo,,2.0
surely,,4.0
successful,,2.0
inconsiderate,,2.0
nag,,2.0
recession,,2.0
hence,,2.0
soo,,2.0
understand,,6.0
morrow,,3.0
comprehensive,,1.0
prashanthettans,,1.0
mother,,4.0
kkwhen,,2.0
meanwhile,,4.0
suite,,1.0
xavier,,3.0
seconds,,3.0
warning,,1.0
samantha,,1.0
playing,,4.0
jays,,3.0
guitar,,1.0
impress,,1.0
doug,,1.0
realizes,,1.0
stomach,,2.0
trauma,,1.0
swear,,1.0
officewhats,,1.0
mattermsg,,1.0
nowi,,2.0
shoes,,1.0
inner,,1.0
tigress,,1.0
version,,4.0
poor,,6.0
babyhope,,1.0
urfeeling,,1.0
bettersn,,1.0
probthat,,1.0
overdose,,1.0
spk,,3.0
sn,,2.0
lovejen,,1.0
returned,,3.0
hai,,5.0
ana,,1.0
sathy,,1.0
rto,,1.0
spoons,,1.0
named,,2.0
tampa,,6.0
genius,,2.0
whenever,,6.0
connections,,1.0
lotta,,1.0
corvettes,,1.0
lately,,1.0
consider,,2.0
walls,,3.0
bunkers,,1.0
peaceful,,2.0
matter,,4.0
philosophical,,1.0
hole,,1.0
saved,,3.0
goodno,,1.0
problembut,,1.0
cuddle,,2.0
nap,,2.0
atleast,,1.0
otherwise,,9.0
shakespeare,,1.0
shesil,,3.0
castor,,2.0
knew,,8.0
woul,,1.0
lead,,4.0
curfew,,1.0
gibe,,1.0
getsleep,,1.0
studdying,,1.0
ear,,1.0
training,,6.0
massages,,1.0
oil,,1.0
sup,,4.0
yoyyooo,,1.0
permissions,,1.0
mac,,2.0
usb,,2.0
gibbs,,2.0
unsoldmike,,1.0
hussey,,1.0
failed,,2.0
sad,,15.0
unbelievable,,2.0
faglord,,1.0
wifehow,,3.0
murder,,6.0
nutter,,1.0
cutter,,1.0
ctter,,1.0
cttergg,,1.0
cttargg,,1.0
ctargg,,1.0
ctagg,,1.0
ie,,2.0
thus,,1.0
grateful,,1.0
opportunity,,2.0
happier,,1.0
agents,,1.0
experiment,,1.0
due,,3.0
several,,1.0
outstanding,,3.0
invoices,,1.0
possible,,5.0
teach,,5.0
smell,,1.0
tobacco,,1.0
derek,,2.0
taylor,,1.0
assumed,,1.0
worst,,1.0
charles,,2.0
grinule,,1.0
greet,,2.0
white,,4.0
fudge,,1.0
oreos,,1.0
stores,,2.0
zahers,,1.0
ym,,4.0
nauseous,,1.0
pissed,,3.0
sweets,,2.0
pig,,2.0
dieting,,1.0
chip,,1.0
iam,,5.0
addicted,,4.0
msging,,3.0
wrong,,10.0
yck,,2.0
ma,,4.0
ashleys,,1.0
avalarr,,1.0
hollalater,,1.0
attend,,3.0
rounds,,1.0
todaybut,,1.0
websitenow,,1.0
blogging,,1.0
magicalsongsblogspotcom,,1.0
chikkuil,,1.0
diet,,3.0
ate,,4.0
slices,,1.0
kvb,,1.0
acc,,4.0
fridayhope,,1.0
alternativehope,,1.0
ore,,1.0
mo,,7.0
owo,,1.0
moments,,2.0
fro,,1.0
wherever,,2.0
samus,,1.0
shoulders,,1.0
wear,,3.0
jeans,,2.0
fever,,3.0
vomitin,,1.0
kkare,,1.0
stuffed,,1.0
bleh,,2.0
least,,9.0
writhing,,1.0
paypal,,1.0
voila,,1.0
pockets,,1.0
places,,5.0
medical,,5.0
sorta,,1.0
blown,,1.0
scores,,1.0
sophas,,1.0
secondary,,1.0
application,,2.0
applying,,1.0
ogunrinde,,1.0
expensive,,1.0
photos,,4.0
lodging,,1.0
chk,,1.0
dict,,1.0
shb,,1.0
truth,,10.0
against,,8.0
gravity,,4.0
carefully,,4.0
feels,,10.0
heavy,,7.0
dobbys,,1.0
bowl,,4.0
ull,,4.0
decision,,2.0
simpler,,2.0
magical,,3.0
welp,,2.0
retired,,1.0
natwest,,1.0
chad,,1.0
gymnastics,,1.0
site,,3.0
christians,,1.0
backa,,1.0
necklace,,2.0
token,,1.0
youthats,,1.0
wife,,18.0
likingbe,,1.0
seeno,,1.0
thatdont,,1.0
aptitude,,1.0
horse,,1.0
racing,,2.0
earlier,,11.0
chicken,,2.0
rice,,2.0
closes,,2.0
wrongly,,1.0
ad,,2.0
crap,,2.0
boggy,,1.0
boring,,4.0
biatch,,1.0
nxt,,5.0
il,,7.0
hesitate,,1.0
weakness,,1.0
notebook,,1.0
salary,,3.0
chocolate,,1.0
dayshe,,2.0
potential,,2.0
talent,,3.0
reckon,,1.0
eightish,,1.0
carpark,,1.0
fuckin,,2.0
dropped,,3.0
loving,,10.0
yun,,5.0
ahthe,,1.0
ubi,,2.0
tomorrowcall,,1.0
ireneere,,1.0
cresubi,,1.0
tech,,2.0
parkph,,1.0
wkg,,3.0
daysn,,1.0
sd,,1.0
butt,,3.0
sore,,3.0
relaxing,,1.0
party,,12.0
stripes,,1.0
skirt,,1.0
miracle,,6.0
jesus,,4.0
blessed,,2.0
escalator,,1.0
yetunde,,3.0
quiet,,1.0
beth,,1.0
aunts,,2.0
charlie,,1.0
nobut,,1.0
syllabus,,1.0
poyyarikaturkolathupalayamunjalur,,1.0
posterode,,1.0
heroi,,1.0
apt,,1.0
opportunitypls,,1.0
ltemailgt,,1.0
kerala,,3.0
terrible,,3.0
fan,,2.0
meat,,1.0
lovers,,2.0
supreme,,1.0
toldshe,,1.0
dearregret,,1.0
cudnt,,1.0
calldrove,,1.0
frm,,7.0
ctla,,1.0
homeleft,,1.0
carente,,1.0
ishtamayoohappy,,1.0
bakrid,,1.0
exe,,1.0
don,,9.0
knowwait,,1.0
glorious,,1.0
anniversary,,2.0
finds,,1.0
prey,,2.0
coaxing,,1.0
images,,1.0
fond,,1.0
souveniers,,1.0
cougarpen,,1.0
pattern,,2.0
throat,,3.0
scratches,,1.0
plm,,2.0
asleep,,4.0
foreign,,2.0
stamps,,2.0
lecture,,4.0
sheffield,,2.0
nanny,,1.0
raise,,3.0
shitin,,1.0
defo,,1.0
hardest,,1.0
millions,,1.0
lekdog,,1.0
setting,,2.0
filling,,1.0
loverboy,,6.0
blankets,,1.0
thx,,2.0
edison,,1.0
rightly,,1.0
fool,,2.0
speechless,,1.0
viva,,1.0
gm,,1.0
atten,,1.0
roast,,3.0
concentrate,,3.0
educational,,2.0
walked,,3.0
serious,,6.0
rd,,6.0
sells,,2.0
data,,1.0
analysis,,1.0
thesis,,2.0
belligerent,,1.0
hiya,,5.0
april,,5.0
les,,1.0
rudi,,1.0
snoringthey,,1.0
drunk,,2.0
sends,,2.0
ink,,1.0
howre,,1.0
throwing,,1.0
deciding,,2.0
technical,,3.0
support,,5.0
processnetworking,,1.0
daysso,,1.0
prepared,,2.0
finalise,,1.0
visitneed,,1.0
works,,1.0
dentist,,1.0
bathing,,3.0
lul,,1.0
juicy,,1.0
nurses,,1.0
obese,,1.0
oyea,,1.0
oi,,1.0
ami,,1.0
parchi,,1.0
na,,9.0
kicchu,,1.0
kaaj,,1.0
korte,,1.0
iccha,,1.0
korche,,1.0
tul,,1.0
movies,,8.0
copies,,1.0
sculpture,,1.0
convey,,6.0
regards,,3.0
surya,,1.0
vijay,,4.0
pokkiri,,1.0
dearer,,3.0
dem,,3.0
attractioni,,1.0
meshe,,1.0
thoughtsi,,1.0
hershe,,1.0
dreamlove,,1.0
namemy,,1.0
hermy,,1.0
heri,,2.0
herwill,,1.0
sorrowsi,,1.0
fight,,2.0
craziest,,1.0
herlove,,2.0
proove,,1.0
planeti,,1.0
singing,,2.0
praises,,1.0
curry,,2.0
makiing,,1.0
sambarlife,,1.0
thenwill,,1.0
lotwill,,1.0
frndship,,4.0
needle,,1.0
clock,,4.0
evn,,3.0
meetitz,,1.0
alwys,,3.0
conected,,1.0
spatula,,1.0
hands,,3.0
doctor,,5.0
calis,,1.0
complexities,,1.0
freely,,1.0
taxes,,1.0
outrageous,,1.0
tomorro,,1.0
ryder,,1.0
unsoldnow,,1.0
fret,,1.0
strips,,1.0
postal,,1.0
addressull,,1.0
alrightokay,,1.0
gifts,,1.0
cliff,,1.0
ne,,3.0
interesting,,4.0
wrking,,1.0
uni,,3.0
depressed,,2.0
sittin,,1.0
wind,,2.0
drops,,1.0
black,,5.0
aiyah,,5.0
hen,,1.0
online,,17.0
italian,,4.0
grins,,8.0
smoked,,1.0
math,,2.0
sfirst,,1.0
timedhoni,,1.0
rocks,,2.0
teju,,1.0
hourish,,1.0
nothis,,1.0
groundamla,,1.0
durban,,1.0
convenience,,1.0
evaluation,,1.0
cheyyamoand,,1.0
okok,,2.0
okthenwhats,,2.0
aiyar,,1.0
catching,,3.0
throws,,1.0
gal,,5.0
falls,,2.0
brothers,,1.0
whos,,9.0
errors,,1.0
difficulties,,1.0
correction,,1.0
howz,,6.0
painhope,,1.0
tau,,1.0
sar,,1.0
piah,,1.0
wearing,,4.0
ohas,,1.0
shades,,1.0
copied,,1.0
raining,,5.0
station,,4.0
tank,,2.0
sitter,,1.0
kaitlyn,,1.0
danger,,1.0
peeps,,1.0
comment,,1.0
veggie,,1.0
neighbors,,1.0
computerless,,1.0
balloon,,1.0
passthey,,1.0
silently,,2.0
ntswt,,1.0
drms,,1.0
roommate,,2.0
melody,,1.0
horrible,,4.0
macs,,1.0
toot,,2.0
bigger,,3.0
nw,,3.0
hme,,1.0
chennai,,11.0
velachery,,1.0
flippin,,1.0
breaking,,1.0
cstore,,1.0
annoying,,2.0
hangin,,1.0
makin,,2.0
alivebetter,,1.0
lodge,,1.0
worrying,,1.0
shame,,3.0
quizzes,,1.0
popcorn,,1.0
thin,,1.0
faultal,,1.0
arguments,,1.0
faultfed,,1.0
himso,,1.0
thanxxx,,1.0
neft,,2.0
beneficiary,,2.0
natuition,,2.0
understanding,,2.0
appreciated,,1.0
semi,,1.0
apart,,2.0
arms,,4.0
maaaan,,1.0
guessin,,1.0
walmart,,2.0
ilol,,1.0
personally,,1.0
wuldnt,,1.0
mite,,3.0
creepy,,2.0
lunchtime,,1.0
organise,,1.0
kkim,,2.0
finewhen,,2.0
complete,,3.0
passable,,1.0
score,,2.0
phd,,1.0
easier,,4.0
prakesh,,1.0
apps,,3.0
rofl,,2.0
betta,,1.0
invest,,2.0
anti,,3.0
aging,,1.0
products,,1.0
hr,,4.0
delay,,1.0
submitting,,1.0
snatch,,1.0
purse,,1.0
hellodrivbyquit,,1.0
edrunk,,1.0
iff,,1.0
pthis,,1.0
senrddnot,,1.0
dancce,,1.0
drum,,1.0
basqihave,,1.0
nhite,,1.0
ros,,1.0
morn,,3.0
relieved,,1.0
westonzoyland,,1.0
greatness,,1.0
nobody,,6.0
chinese,,5.0
docs,,2.0
songs,,2.0
goinbed,,1.0
onlymore,,1.0
mc,,1.0
hun,,3.0
nitetell,,1.0
ava,,1.0
goodtimeoli,,1.0
rang,,2.0
melnite,,1.0
ifink,,1.0
sortedbut,,1.0
everythin,,1.0
monlrsx,,1.0
flip,,1.0
shun,,1.0
bian,,1.0
glass,,1.0
exhibition,,1.0
el,,1.0
nino,,1.0
himself,,1.0
chikkugoing,,1.0
cbe,,3.0
honey,,5.0
jd,,1.0
executive,,2.0
parents,,11.0
downstem,,1.0
wahala,,1.0
inperialmusic,,1.0
listeningthe,,1.0
weirdest,,2.0
byleafcutter,,1.0
johnsounds,,1.0
insects,,1.0
molestedsomeone,,1.0
plumbingremixed,,1.0
evil,,1.0
acid,,1.0
didntgive,,1.0
bellearlier,,1.0
hunny,,2.0
exact,,3.0
tee,,2.0
cheery,,1.0
cell,,4.0
thts,,4.0
dough,,1.0
control,,1.0
weirdo,,1.0
mode,,7.0
stalk,,1.0
profiles,,1.0
jerry,,2.0
irritates,,2.0
fails,,2.0
express,,2.0
drinkin,,2.0
wondering,,6.0
others,,6.0
dog,,3.0
heygreat,,1.0
dealfarm,,1.0
pax,,1.0
deposit,,1.0
jap,,1.0
disappeared,,1.0
birthdate,,1.0
certificate,,1.0
publish,,1.0
dreams,,12.0
nydc,,2.0
wheellock,,1.0
destination,,1.0
fifty,,1.0
favour,,3.0
settling,,1.0
happenin,,1.0
ola,,2.0
cocksuckers,,1.0
ipads,,1.0
worthless,,1.0
garbage,,1.0
novelty,,1.0
items,,1.0
tshirt,,1.0
fran,,3.0
broke,,3.0
knackered,,2.0
janx,,1.0
ps,,4.0
dads,,1.0
designation,,1.0
software,,2.0
developer,,1.0
jokin,,2.0
spirit,,1.0
bb,,6.0
shattered,,1.0
alrite,,6.0
girlie,,1.0
colours,,1.0
darker,,1.0
styling,,1.0
whenevr,,3.0
gray,,1.0
remembr,,1.0
listn,,1.0
watevr,,1.0
whileamp,,1.0
shd,,5.0
minus,,1.0
paragraphs,,1.0
coveragd,,1.0
vasai,,1.0
retard,,1.0
bathroom,,1.0
february,,4.0
rush,,3.0
icic,,1.0
syria,,1.0
canada,,2.0
heartsnot,,1.0
cares,,2.0
goodnoon,,2.0
gauge,,1.0
pattys,,1.0
interest,,2.0
mondaynxt,,1.0
vl,,6.0
completing,,1.0
ax,,1.0
chill,,2.0
surgical,,1.0
emergency,,1.0
unfolds,,1.0
frens,,9.0
korean,,1.0
leonas,,1.0
fredericksburg,,1.0
que,,1.0
pases,,1.0
un,,1.0
buen,,1.0
tiempo,,1.0
chillin,,2.0
tmrw,,2.0
compass,,1.0
soul,,2.0
worldgnun,,1.0
waysmscom,,1.0
baaaaabe,,1.0
misss,,1.0
youuuuu,,1.0
ned,,2.0
convince,,1.0
tht,,7.0
witot,,1.0
hurting,,2.0
main,,2.0
sweetie,,2.0
blackberry,,3.0
buyer,,1.0
melike,,1.0
pple,,5.0
marry,,5.0
becz,,1.0
undrstndng,,1.0
avoids,,1.0
problems,,3.0
chain,,3.0
suffer,,1.0
whn,,2.0
arrested,,5.0
suntec,,3.0
steamboat,,1.0
dance,,2.0
moji,,3.0
forgive,,1.0
messenger,,2.0
reaching,,4.0
tp,,1.0
bbq,,1.0
everyso,,1.0
panicks,,1.0
outhave,,1.0
fill,,3.0
bar,,2.0
write,,5.0
cover,,6.0
screen,,3.0
gently,,3.0
auntie,,1.0
huai,,1.0
juan,,2.0
tlk,,2.0
ideal,,2.0
path,,1.0
appear,,1.0
front,,1.0
paths,,1.0
walking,,4.0
arm,,1.0
shot,,2.0
reserve,,1.0
thirunelvali,,1.0
tirunelvali,,1.0
evei,,1.0
netno,,1.0
availablei,,1.0
tackle,,1.0
storming,,1.0
phne,,1.0
meaning,,3.0
margaret,,1.0
girlfrnd,,1.0
grahmbell,,1.0
invnted,,1.0
telphone,,1.0
moralone,,1.0
popped,,2.0
tonght,,1.0
ploughing,,1.0
pile,,1.0
ironing,,1.0
chinky,,1.0
wi,,1.0
nz,,1.0
players,,4.0
unsold,,3.0
effect,,1.0
geelater,,1.0
aust,,1.0
bk,,1.0
cafe,,5.0
recharged,,1.0
kidding,,2.0
papa,,1.0
shld,,1.0
stretch,,1.0
detailed,,1.0
sinco,,2.0
payee,,2.0
icicibankcom,,2.0
urn,,4.0
frauds,,2.0
share,,4.0
disclose,,2.0
caring,,2.0
losers,,1.0
kaiez,,1.0
tuition,,4.0
gee,,3.0
option,,2.0
beta,,1.0
practicing,,1.0
babies,,1.0
kkany,,1.0
noncomittal,,1.0
beneath,,2.0
pale,,2.0
moon,,4.0
goodnite,,2.0
snickering,,1.0
chords,,1.0
nofew,,1.0
beforewent,,1.0
rem,,3.0
silver,,1.0
lmao,,4.0
silence,,1.0
exams,,2.0
revision,,2.0
boyf,,1.0
interviw,,1.0
exeter,,2.0
worriedx,,1.0
spreadsheet,,1.0
determine,,1.0
entire,,1.0
coat,,2.0
painful,,2.0
everybody,,1.0
recognises,,1.0
ve,,2.0
wisheds,,1.0
intrepid,,1.0
duo,,1.0
sen,,2.0
missin,,3.0
guilty,,3.0
aiya,,3.0
cardiff,,2.0
addie,,1.0
tues,,2.0
breeze,,1.0
bright,,2.0
fresh,,1.0
twittering,,1.0
yagoing,,1.0
restaurant,,2.0
ducking,,1.0
chinchillas,,1.0
function,,1.0
headstart,,1.0
desperate,,2.0
earlierwe,,1.0
rummer,,1.0
flying,,1.0
monkeys,,2.0
certainly,,3.0
rajini,,1.0
practical,,2.0
stupidits,,2.0
spys,,1.0
mails,,2.0
yalru,,1.0
lyfu,,2.0
astne,,1.0
innu,,1.0
mundhe,,1.0
lyf,,2.0
ali,,1.0
halla,,1.0
ke,,2.0
bilo,,1.0
marriageprogram,,1.0
edhae,,1.0
ovr,,1.0
chikkuali,,1.0
vargu,,1.0
meow,,1.0
meowd,,1.0
twelve,,2.0
aah,,1.0
prone,,1.0
permission,,1.0
wonders,,3.0
personality,,3.0
nature,,4.0
dose,,1.0
tablet,,1.0
incomm,,1.0
blakes,,3.0
waitshould,,1.0
keeping,,4.0
google,,4.0
maps,,1.0
tiring,,1.0
modules,,1.0
concentrating,,1.0
browsin,,1.0
compulsory,,1.0
purity,,3.0
messageits,,3.0
musthu,,2.0
investigate,,1.0
vomit,,2.0
moneyas,,1.0
youmoney,,1.0
thinghow,,1.0
sha,,3.0
vitamin,,1.0
centre,,4.0
crucial,,1.0
someones,,1.0
hostbased,,1.0
idps,,1.0
linux,,1.0
systems,,1.0
dawhats,,1.0
converter,,1.0
testing,,2.0
sayy,,1.0
loved,,9.0
except,,3.0
nit,,2.0
peteis,,1.0
leannewhat,,1.0
eight,,2.0
file,,3.0
format,,1.0
disc,,1.0
internet,,3.0
champ,,1.0
glasgow,,1.0
kall,,1.0
bestcongrats,,1.0
lovin,,1.0
corect,,1.0
speling,,1.0
sarcasm,,2.0
forum,,2.0
ron,,3.0
hicts,,1.0
employee,,1.0
aunt,,2.0
nike,,1.0
sooo,,1.0
screaming,,5.0
shouting,,1.0
dang,,1.0
unfortunately,,2.0
difficult,,9.0
earliest,,1.0
nordstrom,,1.0
konw,,1.0
waht,,1.0
rael,,1.0
gving,,1.0
yuo,,2.0
exmpel,,1.0
jsut,,1.0
ese,,2.0
tihs,,2.0
evrey,,1.0
splleing,,1.0
wrnog,,1.0
sitll,,1.0
raed,,1.0
wihtuot,,1.0
ayn,,1.0
mitsake,,1.0
sleepsweet,,1.0
conference,,1.0
degree,,1.0
joining,,2.0
finance,,1.0
prospects,,3.0
bleak,,1.0
filled,,1.0
shant,,1.0
jia,,1.0
bishan,,3.0
nearer,,1.0
sux,,2.0
raiden,,1.0
buff,,3.0
south,,4.0
preferably,,2.0
kegger,,2.0
totes,,1.0
pierre,,1.0
cardin,,1.0
rhythm,,2.0
establish,,1.0
truro,,1.0
ext,,1.0
gas,,8.0
gang,,3.0
adventure,,1.0
worryuse,,1.0
cloth,,1.0
packalso,,1.0
tablets,,3.0
sunroof,,1.0
excellent,,5.0
finishing,,3.0
doors,,2.0
wifi,,1.0
blanked,,1.0
image,,1.0
noi,,2.0
rumour,,2.0
kalainar,,1.0
officethenampet,,1.0
nosy,,1.0
idk,,3.0
reacting,,1.0
freaked,,1.0
whom,,3.0
satanic,,1.0
imposter,,1.0
meneed,,1.0
priceso,,1.0
itmay,,1.0
destiny,,1.0
companion,,1.0
chef,,1.0
listener,,1.0
organizer,,1.0
boyfriend,,1.0
sympathetic,,1.0
athletic,,1.0
courageous,,1.0
determined,,1.0
dependable,,1.0
psychologist,,1.0
pest,,1.0
exterminator,,1.0
psychiatrist,,1.0
healer,,1.0
stylist,,1.0
driver,,2.0
aaniye,,1.0
pudunga,,1.0
venaam,,1.0
brothas,,2.0
chez,,1.0
jules,,1.0
hhahhaahahah,,1.0
nig,,1.0
leonardo,,1.0
dereks,,1.0
kicks,,2.0
john,,11.0
strain,,1.0
dime,,2.0
transfer,,1.0
withdraw,,1.0
anyhow,,1.0
falling,,2.0
force,,3.0
smeone,,2.0
millers,,1.0
fire,,1.0
spark,,1.0
flame,,2.0
rawring,,1.0
xoxo,,1.0
somewhr,,1.0
crushes,,1.0
honeymoon,,1.0
outfit,,1.0
propose,,2.0
blame,,2.0
gods,,3.0
blessings,,1.0
cheque,,1.0
leo,,1.0
kthen,,1.0
patty,,1.0
donewant,,1.0
haul,,1.0
wildlife,,1.0
wantcome,,1.0
thatworzels,,1.0
wizzle,,1.0
dippeditinadew,,2.0
lovingly,,2.0
itwhichturnedinto,,2.0
gifted,,2.0
tomeandsaidthis,,2.0
shanghai,,1.0
instead,,5.0
cya,,1.0
freezing,,3.0
thnx,,1.0
sef,,1.0
anjie,,1.0
batch,,2.0
fring,,1.0
flaky,,1.0
sooooo,,2.0
laughing,,3.0
winning,,1.0
tooo,,1.0
nte,,1.0
confuses,,1.0
wating,,1.0
talents,,1.0
animal,,1.0
buzz,,7.0
adoring,,2.0
shiny,,1.0
warming,,1.0
constant,,2.0
cared,,2.0
wasnt,,7.0
surprised,,3.0
french,,1.0
fooled,,1.0
comedycant,,1.0
keen,,1.0
switch,,1.0
dammit,,1.0
wright,,1.0
fly,,1.0
somewhat,,1.0
event,,2.0
laden,,1.0
wrecked,,1.0
spontaneously,,1.0
goodevening,,1.0
bagi,,2.0
lei,,16.0
waking,,5.0
sif,,1.0
partnership,,2.0
mostly,,2.0
inside,,4.0
spageddies,,1.0
phasing,,1.0
fourth,,1.0
dimension,,1.0
yesbut,,1.0
meaningful,,1.0
compromised,,1.0
lmaonice,,1.0
dub,,1.0
je,,1.0
toughest,,1.0
ideas,,3.0
sight,,5.0
remain,,3.0
maintain,,2.0
shjas,,1.0
squatting,,1.0
cramps,,2.0
nan,,3.0
sonathaya,,1.0
soladha,,1.0
raping,,1.0
dudes,,1.0
poker,,2.0
weightloss,,1.0
mushy,,1.0
embarrassed,,1.0
stash,,1.0
ran,,3.0
priya,,1.0
father,,11.0
messy,,2.0
kilos,,1.0
accidant,,1.0
tookplace,,1.0
ghodbandar,,1.0
traffic,,1.0
moves,,2.0
slovely,,1.0
slip,,2.0
ahnow,,1.0
wherebtw,,1.0
nus,,1.0
sc,,1.0
specialise,,1.0
wad,,1.0
likes,,3.0
dislikes,,3.0
keeps,,1.0
queen,,4.0
desparately,,1.0
fren,,4.0
promises,,3.0
gotten,,2.0
stereo,,1.0
mi,,1.0
unknown,,2.0
album,,1.0
classmates,,1.0
firesare,,1.0
missionary,,1.0
hook,,5.0
standing,,2.0
entertaining,,1.0
hugh,,1.0
laurie,,1.0
stick,,2.0
indeed,,1.0
praps,,1.0
jon,,1.0
spain,,1.0
dinero,,1.0
rents,,1.0
pes,,1.0
hunnywot,,1.0
bedroomlove,,1.0
maangalyam,,2.0
alaipayuthe,,2.0
complaining,,1.0
finns,,1.0
di,,2.0
calm,,1.0
downon,,1.0
theacusations,,1.0
itxt,,1.0
iwana,,1.0
wotu,,1.0
doin,,8.0
thewend,,1.0
haventcn,,1.0
agesring,,1.0
nething,,1.0
satlove,,1.0
dine,,1.0
vtired,,1.0
social,,4.0
inspection,,1.0
nursery,,1.0
detailsi,,1.0
youmy,,1.0
slowly,,7.0
becomes,,2.0
habit,,2.0
itmail,,1.0
panren,,1.0
paru,,1.0
chuckin,,1.0
trainners,,1.0
carryin,,1.0
bac,,1.0
schedule,,2.0
gooddhanush,,1.0
needing,,1.0
stuck,,1.0
chikkusimple,,1.0
habbahw,,1.0
dileepthank,,1.0
muchand,,1.0
supportvery,,1.0
contacts,,2.0
hereremember,,1.0
venugopal,,1.0
mentionedtomorrow,,1.0
latei,,1.0
theregoodnight,,1.0
remembrs,,1.0
forgets,,2.0
everytime,,1.0
joys,,9.0
mandan,,2.0
regarding,,2.0
textbook,,1.0
algorithms,,1.0
edition,,1.0
buns,,4.0
adore,,2.0
atlanta,,3.0
recharge,,1.0
fills,,2.0
gaps,,2.0
holding,,5.0
yessura,,1.0
tvlol,,1.0
arun,,2.0
transfr,,1.0
takin,,2.0
philosophy,,3.0
ui,,1.0
intend,,1.0
iwasmarinethats,,1.0
itriedtell,,1.0
urmomi,,1.0
careabout,,1.0
desparate,,2.0
learned,,1.0
fake,,1.0
answering,,3.0
iraq,,1.0
afghanistan,,1.0
stable,,1.0
honest,,1.0
traveling,,1.0
blessget,,1.0
pai,,1.0
seh,,1.0
beer,,3.0
combine,,2.0
parts,,1.0
walsall,,1.0
tue,,1.0
terry,,1.0
jess,,3.0
sian,,2.0
ccna,,1.0
shrek,,1.0
db,,1.0
fellow,,1.0
somethings,,1.0
dying,,1.0
lifting,,1.0
teresa,,1.0
dec,,1.0
yould,,1.0
bam,,1.0
aid,,1.0
usmle,,1.0
squishy,,1.0
mwahs,,1.0
prominent,,1.0
cheek,,1.0
september,,1.0
husband,,2.0
list,,4.0
joanna,,1.0
comingdown,,1.0
dagood,,1.0
replacement,,2.0
murali,,1.0
playerwhy,,1.0
sts,,1.0
engalnd,,1.0
telly,,2.0
mia,,1.0
elliot,,1.0
kissing,,1.0
wiproyou,,1.0
matric,,1.0
toa,,3.0
payoh,,3.0
payments,,1.0
fedex,,1.0
kyou,,1.0
reception,,1.0
godi,,4.0
youclean,,4.0
bloodsend,,4.0
itplspls,,4.0
hate,,3.0
consensus,,1.0
entertain,,1.0
delete,,2.0
tag,,1.0
wednesday,,5.0
skype,,3.0
laundry,,1.0
underwear,,2.0
bras,,1.0
strewn,,1.0
pillows,,1.0
waheed,,2.0
fathima,,2.0
mmmm,,3.0
weaknesses,,1.0
pushes,,2.0
knees,,1.0
exposes,,1.0
pulls,,1.0
wicked,,1.0
sh,,1.0
readyall,,1.0
supports,,1.0
srt,,1.0
thnk,,7.0
jontin,,1.0
pen,,1.0
beyond,,1.0
biro,,1.0
masters,,1.0
unconsciously,,1.0
avoiding,,2.0
unhappy,,1.0
excuse,,5.0
jog,,1.0
lark,,1.0
stations,,1.0
uh,,2.0
heads,,2.0
lim,,1.0
vday,,2.0
parachute,,1.0
placed,,1.0
therere,,2.0
table,,1.0
lambda,,1.0
build,,1.0
snowman,,2.0
angels,,1.0
snowball,,1.0
fights,,1.0
ello,,1.0
ikea,,2.0
ofice,,1.0
cn,,2.0
oficegot,,1.0
duffer,,1.0
grr,,1.0
prescription,,1.0
pharmacy,,1.0
cook,,4.0
electricity,,2.0
nor,,1.0
fffff,,1.0
kadeem,,3.0
fujitsu,,2.0
lifebook,,1.0
scold,,1.0
zhong,,1.0
se,,3.0
qing,,1.0
act,,1.0
accordingly,,1.0
hypertension,,1.0
mineall,,1.0
wud,,1.0
annoyin,,1.0
carry,,2.0
disturbing,,1.0
avatar,,3.0
nigro,,1.0
scratching,,1.0
anyplaces,,1.0
stops,,1.0
cleaning,,3.0
upset,,1.0
priority,,1.0
constantly,,1.0
ecstasy,,1.0
flies,,1.0
hittng,,1.0
reflex,,1.0
kkwhy,,2.0
lousy,,3.0
cat,,2.0
woken,,1.0
hip,,4.0
adewale,,1.0
aka,,2.0
egbon,,1.0
minstand,,1.0
ic,,1.0
mary,,1.0
deduct,,1.0
wrks,,1.0
monkey,,1.0
asshole,,1.0
grab,,1.0
sliding,,1.0
payback,,1.0
honeybee,,2.0
sweetest,,2.0
laughed,,2.0
waitu,,2.0
havnt,,2.0
moral,,3.0
crack,,2.0
gmgngegn,,2.0
tescos,,1.0
feathery,,1.0
bowa,,1.0
infra,,1.0
nvm,,2.0
gep,,1.0
delhi,,2.0
thinkin,,5.0
boat,,3.0
shhhhh,,1.0
related,,1.0
arul,,1.0
amk,,1.0
length,,1.0
fringe,,2.0
distract,,2.0
santha,,1.0
corrct,,1.0
dane,,1.0
baskets,,1.0
proof,,2.0
rupaul,,1.0
practising,,1.0
curtsey,,1.0
yeh,,1.0
memory,,1.0
mon,,7.0
converted,,1.0
ssindia,,1.0
african,,1.0
soil,,1.0
major,,2.0
roles,,1.0
outreach,,1.0
mel,,2.0
birth,,1.0
lb,,1.0
brilliantly,,1.0
forwarding,,1.0
intention,,1.0
visitors,,1.0
rules,,1.0
responsibility,,2.0
bend,,1.0
rule,,1.0
thia,,1.0
inlude,,1.0
previews,,1.0
ambrithmaduraimet,,1.0
dha,,1.0
marrgeremembr,,1.0
kitty,,1.0
shaved,,1.0
natural,,4.0
onwards,,2.0
anybodys,,1.0
tactful,,1.0
theatre,,4.0
obviously,,4.0
eggspert,,1.0
potato,,1.0
crammed,,1.0
satsgettin,,1.0
lie,,3.0
apologize,,1.0
admit,,1.0
pei,,1.0
kid,,1.0
boost,,3.0
subtoitles,,1.0
sitting,,5.0
jot,,1.0
pack,,3.0
storelike,,1.0
cereals,,1.0
gari,,1.0
infernal,,3.0
affair,,1.0
including,,2.0
calicut,,1.0
thkin,,1.0
parco,,2.0
nb,,2.0
resubbing,,1.0
shadow,,1.0
breadstick,,1.0
ahmad,,5.0
saeed,,1.0
hallaq,,2.0
redim,,1.0
blueu,,1.0
purpleu,,1.0
pinku,,1.0
orangei,,1.0
lyk,,1.0
greeni,,1.0
yelowi,,1.0
bck,,1.0
blackim,,1.0
browni,,1.0
giv,,1.0
color,,2.0
arranging,,1.0
eldest,,1.0
drugdealer,,1.0
sleepwellamptake,,2.0
wondarfull,,1.0
normally,,2.0
hunonbus,,1.0
donyt,,1.0
homebut,,1.0
latelyxxx,,1.0
mca,,2.0
rich,,2.0
yor,,1.0
ownyouve,,1.0
stressed,,1.0
skallis,,1.0
jason,,1.0
soooo,,1.0
provider,,1.0
tming,,2.0
cutest,,1.0
dice,,1.0
art,,1.0
howda,,1.0
mathe,,1.0
samachara,,1.0
audrie,,1.0
autocorrect,,1.0
simulate,,1.0
readiness,,1.0
armand,,2.0
andor,,1.0
vomiting,,1.0
rub,,1.0
feet,,3.0
lara,,1.0
supplies,,1.0
clever,,2.0
guesses,,1.0
attach,,1.0
washob,,1.0
nobbing,,1.0
nickey,,1.0
platt,,1.0
ryan,,1.0
vikky,,4.0
argh,,2.0
spotty,,1.0
province,,1.0
sterling,,1.0
problemfree,,1.0
looked,,2.0
xam,,2.0
hall,,1.0
manage,,1.0
hesitation,,1.0
intha,,1.0
ponnungale,,1.0
ipaditan,,1.0
rejected,,1.0
shitload,,1.0
diamonds,,2.0
tessypls,,2.0
favor,,2.0
nimyapls,,2.0
shijas,,2.0
aunty,,2.0
china,,2.0
noisy,,1.0
needa,,1.0
mcat,,2.0
sfrom,,1.0
manual,,1.0
processits,,1.0
reset,,1.0
troubleshooting,,1.0
strongly,,1.0
sacrifice,,2.0
expecting,,5.0
creativity,,1.0
stifled,,1.0
morphine,,2.0
requirements,,1.0
stayin,,2.0
strangersaw,,1.0
sorted,,1.0
nowstill,,1.0
mrur,,1.0
getha,,1.0
cld,,2.0
prefer,,3.0
nosh,,1.0
waaaat,,1.0
lololo,,1.0
tables,,1.0
occupied,,1.0
comei,,1.0
kindly,,2.0
documents,,1.0
submitted,,1.0
stapati,,1.0
miles,,2.0
cutie,,1.0
wales,,2.0
hills,,1.0
killed,,2.0
colleagues,,6.0
sed,,4.0
mood,,5.0
minuts,,4.0
latr,,4.0
caken,,4.0
kidz,,3.0
sofa,,6.0
honesty,,1.0
specialisation,,1.0
labor,,1.0
shakara,,1.0
beggar,,1.0
smashed,,1.0
dent,,1.0
everybodys,,2.0
crickiting,,1.0
imin,,1.0
towndontmatter,,1.0
urgoin,,1.0
outlr,,1.0
yavnt,,1.0
popping,,1.0
ibuprofens,,1.0
sip,,1.0
grown,,1.0
chinatown,,1.0
porridge,,1.0
claypot,,1.0
yam,,1.0
fishhead,,1.0
beehoon,,1.0
tok,,2.0
specific,,1.0
jaklin,,1.0
nearby,,1.0
cliffs,,1.0
pages,,4.0
figures,,2.0
ooh,,1.0
moseley,,1.0
weds,,1.0
thankyou,,1.0
pendingi,,1.0
dayswill,,1.0
thrurespect,,1.0
homecheck,,1.0
affectionate,,2.0
loveable,,1.0
eternal,,1.0
noble,,1.0
truthful,,1.0
intimate,,1.0
enamous,,1.0
textin,,1.0
cousin,,2.0
excuses,,2.0
rajipls,,2.0
nimya,,2.0
legs,,2.0
neck,,1.0
amigos,,1.0
burn,,1.0
progress,,1.0
continue,,1.0
holy,,1.0
werent,,1.0
arty,,1.0
collages,,1.0
tryin,,1.0
billion,,2.0
classes,,2.0
waliking,,1.0
cartons,,1.0
shelves,,1.0
distance,,2.0
mirror,,1.0
turning,,2.0
freak,,3.0
jod,,1.0
keris,,1.0
smidgin,,1.0
collegexx,,1.0
belive,,2.0
intentions,,1.0
empty,,10.0
slots,,2.0
accordin,,1.0
discussed,,2.0
knocking,,1.0
sicomo,,1.0
nolistenedthe,,1.0
plaid,,1.0
albumquite,,1.0
gdthe,,1.0
hilariousalso,,1.0
boughtbraindancea,,1.0
compofstuff,,1.0
aphexs,,1.0
abel,,1.0
nelson,,1.0
bbs,,1.0
temp,,1.0
unmits,,1.0
display,,2.0
newspapers,,1.0
soup,,2.0
yummmm,,1.0
management,,3.0
puzzeles,,1.0
spoiled,,1.0
threats,,1.0
sales,,1.0
shifad,,1.0
raised,,1.0
complaint,,2.0
doctors,,1.0
reminds,,1.0
godid,,1.0
lk,,2.0
role,,3.0
lov,,1.0
checked,,5.0
dust,,1.0
watchin,,1.0
meaningless,,1.0
alls,,1.0
brdget,,1.0
jones,,1.0
inever,,1.0
hmmbad,,1.0
newshype,,1.0
studio,,1.0
takenonly,,1.0
bedrm,,1.0
waited,,2.0
velly,,1.0
wkend,,2.0
journey,,2.0
huge,,1.0
marking,,1.0
letters,,2.0
mids,,2.0
annie,,1.0
remind,,3.0
vai,,1.0
hrishi,,2.0
nothin,,1.0
hanger,,1.0
poem,,2.0
cheer,,3.0
tear,,4.0
thatll,,2.0
bags,,1.0
blanket,,1.0
significant,,1.0
waqt,,1.0
pehle,,1.0
naseeb,,1.0
zyada,,1.0
kisi,,1.0
ko,,1.0
kuch,,1.0
nahi,,2.0
miltazindgi,,1.0
wo,,2.0
jo,,2.0
hum,,1.0
sochte,,1.0
zindgi,,1.0
ham,,2.0
jeetey,,1.0
worse,,3.0
stalking,,1.0
dan,,1.0
reminded,,1.0
varaya,,1.0
elaya,,1.0
anand,,1.0
beach,,1.0
expected,,1.0
aww,,2.0
deadwell,,1.0
jez,,1.0
todo,,1.0
workand,,1.0
whilltake,,1.0
zogtorius,,1.0
staring,,1.0
whether,,4.0
financial,,1.0
problemi,,1.0
alian,,1.0
posible,,1.0
century,,1.0
frwd,,1.0
unnecessarily,,1.0
sorts,,1.0
owned,,1.0
possessive,,1.0
nohe,,1.0
clarification,,1.0
issue,,3.0
weigh,,2.0
regret,,1.0
coimbatore,,1.0
categories,,1.0
measure,,2.0
ethnicity,,1.0
census,,1.0
transcribing,,1.0
propsd,,1.0
gv,,1.0
lv,,1.0
lttrs,,1.0
threw,,1.0
thm,,2.0
aproach,,1.0
dt,,1.0
truck,,1.0
speeding,,1.0
wn,,1.0
girld,,1.0
hw,,3.0
thy,,1.0
lived,,1.0
happily,,1.0
gthr,,1.0
drinking,,2.0
evrydy,,1.0
msgsd,,1.0
paragon,,1.0
cakes,,1.0
bluff,,2.0
impossible,,2.0
goodmate,,1.0
sary,,2.0
asusual,,1.0
cheered,,1.0
franyxxxxx,,1.0
batt,,1.0
added,,2.0
wwwfullonsmscom,,1.0
gn,,1.0
pussy,,3.0
messageno,,3.0
responcewhat,,3.0
happend,,4.0
piece,,2.0
wiskey,,2.0
brandy,,2.0
rum,,2.0
gin,,2.0
vodka,,3.0
scotch,,2.0
shampain,,2.0
kudiyarasu,,2.0
dhina,,2.0
vaazhthukkal,,2.0
gained,,1.0
kg,,2.0
sugar,,3.0
pressure,,1.0
limits,,1.0
dumb,,1.0
thangam,,2.0
okey,,1.0
doke,,1.0
dressed,,2.0
laying,,1.0
kills,,2.0
neshanthtel,,1.0
byatch,,1.0
whassup,,1.0
kay,,2.0
roger,,3.0
cl,,1.0
wasted,,1.0
chiong,,1.0
christ,,1.0
dialogue,,1.0
reltnship,,1.0
solve,,4.0
murdered,,6.0
police,,9.0
questioned,,3.0
siri,,3.0
cooking,,4.0
gardener,,3.0
vegetables,,3.0
housemaid,,6.0
neighbour,,3.0
murderer,,6.0
brilliant,,4.0
pose,,1.0
comb,,1.0
dryer,,1.0
fps,,1.0
computational,,1.0
science,,1.0
push,,2.0
answered,,2.0
madamregret,,1.0
disturbancemight,,1.0
dlf,,1.0
premaricakindly,,1.0
informedrgdsrakheshkerala,,1.0
settle,,3.0
err,,1.0
bloo,,3.0
kbut,,1.0
hitteranyway,,1.0
offline,,1.0
anjolas,,1.0
indians,,2.0
swiss,,2.0
directors,,1.0
lac,,1.0
crore,,2.0
deposited,,1.0
taxless,,1.0
budget,,5.0
jobs,,1.0
lane,,1.0
suply,,1.0
projects,,1.0
citizen,,1.0
imf,,1.0
blocked,,1.0
politicians,,2.0
rights,,1.0
corrupt,,1.0
itna,,1.0
karo,,1.0
pura,,1.0
padhegm,,1.0
torrents,,1.0
particularly,,1.0
slowing,,1.0
commit,,1.0
random,,3.0
rightio,,1.0
brum,,1.0
donno,,1.0
scorable,,1.0
paranoid,,1.0
brin,,1.0
properly,,1.0
sheet,,1.0
kgive,,1.0
complain,,1.0
onlybettr,,1.0
bsnl,,1.0
offc,,1.0
payed,,1.0
suganya,,1.0
dessert,,1.0
abeg,,1.0
sponsors,,1.0
onum,,1.0
candont,,1.0
poet,,1.0
imaginationmy,,1.0
carso,,1.0
rr,,1.0
famamus,,1.0
pongaldo,,1.0
sry,,1.0
furniture,,2.0
lock,,1.0
locks,,1.0
key,,3.0
jenne,,1.0
easiest,,1.0
barcelona,,1.0
ru,,4.0
kdo,,1.0
daurgent,,1.0
pansy,,1.0
jungle,,1.0
kanji,,1.0
drinkpa,,1.0
srs,,1.0
drizzling,,1.0
appointments,,1.0
shoving,,1.0
papers,,2.0
greetings,,3.0
excused,,1.0
drama,,1.0
plsi,,1.0
struggling,,1.0
strange,,1.0
placeno,,1.0
ego,,1.0
necessity,,1.0
gowait,,1.0
reppurcussions,,1.0
cosign,,1.0
hcl,,1.0
requires,,1.0
freshers,,1.0
processexcellent,,1.0
neededsalary,,1.0
mssuman,,1.0
telephonic,,1.0
indyarockscom,,1.0
resume,,1.0
datoday,,1.0
cars,,3.0
restuwud,,1.0
reliant,,1.0
fwiw,,1.0
afford,,1.0
happens,,6.0
kanowhr,,1.0
maga,,3.0
sq,,1.0
arrival,,1.0
yunny,,2.0
citylink,,1.0
props,,1.0
pleasant,,1.0
statements,,1.0
bognor,,1.0
splendid,,1.0
yesim,,1.0
ktv,,1.0
misplaced,,1.0
computers,,1.0
mmmmm,,2.0
medicine,,2.0
begun,,1.0
registration,,1.0
permanent,,1.0
residency,,1.0
plenty,,6.0
relatives,,1.0
deliver,,2.0
risks,,1.0
benefits,,1.0
amount,,3.0
hmmmhow,,1.0
predicting,,1.0
accumulation,,1.0
programs,,1.0
belongs,,1.0
herwho,,1.0
fated,,1.0
shoranur,,1.0
incident,,3.0
fuelled,,1.0
concern,,1.0
prior,,1.0
grief,,1.0
violence,,1.0
goodenvironment,,1.0
terrific,,1.0
honestly,,1.0
promptly,,1.0
burnt,,1.0
advice,,2.0
someplace,,1.0
goods,,1.0
pressies,,1.0
dr,,2.0
superior,,2.0
ultimately,,1.0
tor,,1.0
motive,,1.0
tui,,1.0
achieve,,1.0
korli,,1.0
dock,,1.0
rolled,,1.0
newscaster,,1.0
dabbles,,1.0
flute,,1.0
behind,,3.0
wheel,,1.0
ruin,,1.0
erm,,2.0
theth,,1.0
october,,1.0
elaborating,,1.0
safety,,1.0
aspects,,1.0
department,,1.0
oursso,,1.0
youany,,1.0
conform,,2.0
flow,,1.0
developed,,1.0
ovarian,,1.0
cysts,,1.0
bc,,2.0
shrink,,1.0
onit,,1.0
upping,,1.0
grams,,1.0
timin,,1.0
apes,,1.0
death,,3.0
ibm,,1.0
toshiba,,1.0
gosh,,1.0
spose,,1.0
usualiam,,2.0
rimac,,1.0
arestaurant,,1.0
squid,,1.0
dosomething,,1.0
ucall,,1.0
wrki,,1.0
dabooks,,1.0
wrk,,1.0
eachother,,1.0
luckily,,1.0
starring,,1.0
madam,,1.0
restocked,,1.0
innocent,,1.0
mental,,1.0
smoothly,,1.0
hoped,,2.0
bills,,1.0
challenging,,1.0
marrow,,2.0
hon,,2.0
nightsexcellent,,1.0
breakfast,,1.0
hamper,,1.0
daal,,1.0
above,,1.0
unni,,1.0
rechargerakhesh,,1.0
lacking,,1.0
particular,,1.0
dramastorms,,1.0
forfeit,,1.0
treated,,2.0
digi,,1.0
fab,,1.0
coupla,,1.0
sundayish,,1.0
prasad,,1.0
tiwary,,2.0
rcbbattle,,1.0
bang,,2.0
kochi,,1.0
cancer,,3.0
checkup,,1.0
pap,,1.0
smear,,1.0
gobi,,1.0
arts,,1.0
pandy,,1.0
technologies,,1.0
todayhe,,1.0
olowoyey,,1.0
uscedu,,1.0
argentina,,1.0
secretary,,1.0
taxt,,1.0
massagetiepos,,1.0
lool,,1.0
dollar,,1.0
pull,,1.0
spending,,3.0
taylors,,1.0
shaking,,1.0
booty,,1.0
timeslil,,1.0
busyi,,1.0
scarcasim,,1.0
naal,,1.0
eruku,,1.0
chikkuwat,,1.0
remains,,2.0
bro,,3.0
amongst,,2.0
bros,,3.0
impressively,,1.0
sensible,,1.0
whens,,1.0
alsoor,,1.0
danalla,,1.0
obedient,,1.0
ft,,1.0
combination,,1.0
needy,,1.0
pouts,,2.0
stomps,,2.0
northampton,,1.0
abj,,2.0
serving,,2.0
playng,,1.0
anna,,2.0
nagar,,2.0
yupz,,1.0
modelsony,,1.0
ericson,,1.0
der,,1.0
luks,,1.0
modl,,1.0
cheesy,,1.0
frosty,,1.0
witin,,1.0
shirts,,2.0
nudist,,1.0
themed,,1.0
pump,,1.0
petrol,,1.0
evr,,2.0
signal,,1.0
neither,,1.0
unusual,,1.0
hugs,,1.0
snogs,,1.0
west,,1.0
palm,,1.0
printing,,1.0
handing,,1.0
chase,,1.0
stated,,1.0
perpetual,,1.0
dd,,1.0
steam,,2.0
reg,,2.0
pract,,1.0
flung,,1.0
public,,3.0
govtinstituitions,,3.0
closedincluding,,3.0
officeunderstand,,2.0
process,,3.0
justbeen,,1.0
overa,,1.0
brains,,1.0
mush,,1.0
tunde,,1.0
missions,,1.0
sleepy,,2.0
dare,,2.0
ben,,2.0
mag,,1.0
avo,,1.0
middle,,1.0
crashed,,1.0
cuddled,,1.0
chachi,,1.0
pl,,1.0
tiz,,1.0
kanagu,,1.0
prices,,1.0
ringing,,1.0
houseful,,1.0
brats,,1.0
pulling,,1.0
diwali,,2.0
tick,,3.0
nowonion,,1.0
derp,,1.0
abusers,,1.0
lipo,,1.0
netflix,,1.0
thgt,,2.0
clash,,1.0
arr,,1.0
oscar,,1.0
rebtel,,1.0
firefox,,1.0
lower,,2.0
impressed,,1.0
funs,,1.0
teluguthts,,1.0
gudk,,1.0
exhaust,,1.0
replacing,,1.0
mittelschmertz,,1.0
paracetamol,,1.0
salespee,,1.0
arrived,,1.0
cthen,,1.0
enuff,,2.0
conclusion,,1.0
contents,,2.0
references,,1.0
atyour,,1.0
success,,1.0
rugby,,1.0
affidavit,,1.0
twiggs,,1.0
division,,2.0
courtroom,,1.0
creep,,1.0
lil,,1.0
showers,,1.0
possessiveness,,1.0
poured,,1.0
lies,,1.0
golden,,1.0
lasting,,1.0
wtc,,1.0
weiyi,,1.0
property,,1.0
godtaken,,1.0
teethis,,1.0
paining,,1.0
maggi,,1.0
mee,,1.0
cough,,1.0
com,,1.0
bbdpooja,,1.0
pimpleseven,,1.0
blackand,,1.0
sweatter,,1.0
nicenicehow,,2.0
ambitious,,1.0
miiiiiiissssssssss,,1.0
tunji,,1.0
iz,,2.0
yellow,,1.0
misscall,,1.0
frndz,,1.0
wipro,,1.0
tall,,1.0
doubt,,1.0
handle,,1.0
note,,2.0
robs,,1.0
avenge,,1.0
japanese,,1.0
proverb,,1.0
itu,,1.0
itleave,,1.0
strike,,2.0
choices,,1.0
toss,,1.0
coin,,2.0
gudni,,1.0
dancin,,1.0
explicitly,,1.0
nora,,1.0
smith,,1.0
gayle,,1.0
crucify,,1.0
moved,,3.0
butting,,1.0
freedom,,1.0
vs,,1.0
cedar,,1.0
twenty,,2.0
durham,,1.0
reserved,,1.0
seat,,3.0
painting,,2.0
wall,,1.0
printer,,1.0
groovy,,1.0
groovying,,1.0
harishs,,1.0
transfred,,1.0
acnt,,1.0
nowadayslot,,1.0
showroomscity,,1.0
shaping,,1.0
attending,,1.0
talks,,1.0
probs,,2.0
doinat,,1.0
callon,,1.0
low,,2.0
rons,,1.0
swatch,,2.0
kkyesterday,,1.0
ganesh,,2.0
dress,,2.0
collecting,,3.0
configure,,1.0
trips,,1.0
anal,,1.0
pears,,1.0
helloooo,,1.0
welcomes,,1.0
celebrate,,2.0
such,,1.0
oooooh,,1.0
thatnow,,1.0
geva,,1.0
mint,,1.0
uxxxx,,1.0
humans,,1.0
studyn,,1.0
wuld,,1.0
everyboy,,1.0
xxxxxxxx,,1.0
solved,,2.0
brilliantthingi,,1.0
answr,,1.0
liquor,,1.0
flaked,,2.0
loko,,1.0
lined,,1.0
tm,,3.0
laughs,,1.0
fireplace,,1.0
icon,,1.0
fifth,,1.0
woozles,,1.0
weasels,,1.0
gary,,2.0
machines,,1.0
fucks,,1.0
sake,,1.0
ignorant,,1.0
mys,,1.0
bruce,,1.0
downs,,1.0
fletcher,,1.0
teaching,,1.0
bowls,,1.0
cozy,,1.0
nightnobody,,1.0
buzzzz,,1.0
chest,,1.0
vibrator,,1.0
shake,,1.0
covers,,2.0
trends,,1.0
pros,,1.0
cons,,1.0
brief,,2.0
description,,1.0
nuclear,,1.0
fusion,,1.0
history,,2.0
iter,,1.0
jet,,1.0
nonenowhere,,1.0
ikno,,1.0
doesdiscountshitinnit,,1.0
jabo,,1.0
abi,,3.0
hadya,,1.0
sapna,,1.0
manege,,1.0
yday,,1.0
hogidhechinnu,,1.0
swalpa,,1.0
agidhane,,1.0
typelyk,,1.0
footblcrckt,,1.0
swell,,1.0
tim,,1.0
bollox,,1.0
tol,,1.0
hang,,2.0
ingredients,,1.0
pocy,,1.0
bell,,1.0
non,,1.0
senor,,1.0
giggle,,1.0
possibly,,1.0
persondie,,1.0
nvq,,1.0
reboot,,1.0
grinder,,1.0
youkwhere,,1.0
buyers,,1.0
figuring,,1.0
entirely,,1.0
understood,,2.0
bottom,,2.0
knowhe,,1.0
phoned,,1.0
disconnected,,1.0
onluy,,1.0
matters,,1.0
offcampus,,1.0
rileys,,1.0
ew,,1.0
wesley,,1.0
howve,,1.0
lingo,,1.0
medont,,1.0
lm,,1.0
hm,,3.0
salon,,2.0
approaching,,1.0
sankranti,,1.0
republic,,1.0
shivratri,,1.0
ugadi,,1.0
fools,,1.0
independence,,1.0
friendshipmotherfatherteacherschildrens,,1.0
festival,,1.0
dasara,,1.0
mornings,,1.0
afternoons,,1.0
evenings,,2.0
rememberi,,1.0
theseyours,,1.0
raj,,1.0
lifeis,,1.0
daywith,,1.0
thoughts,,1.0
somewheresomeone,,1.0
tosend,,1.0
greeting,,1.0
selflessness,,1.0
initiate,,1.0
tallent,,1.0
wasting,,1.0
usc,,2.0
payment,,2.0
portal,,1.0
dontgettext,,1.0
lennon,,1.0
bothering,,1.0
crab,,3.0
shorethe,,1.0
waves,,2.0
footprints,,3.0
clearing,,2.0
fox,,1.0
frndsship,,1.0
dwn,,1.0
slaaaaave,,1.0
summon,,1.0
changes,,1.0
appendix,,1.0
range,,2.0
slob,,1.0
smiled,,1.0
gudnite,,1.0
topicsorry,,1.0
webpage,,1.0
yeesh,,1.0
gopalettan,,1.0
participate,,1.0
admin,,1.0
kkfrom,,1.0
ay,,1.0
andros,,2.0
steal,,1.0
isaiahd,,1.0
meets,,1.0
foot,,2.0
penis,,2.0
expert,,1.0
sigh,,1.0
ssi,,1.0
thinl,,1.0
sachinjust,,1.0
importantly,,1.0
tightly,,1.0
wnevr,,1.0
fal,,1.0
vth,,2.0
books,,2.0
fals,,1.0
yen,,1.0
madodu,,1.0
nav,,1.0
pretsorginta,,1.0
nammanna,,1.0
pretsovru,,1.0
alwa,,1.0
eveb,,1.0
window,,1.0
homelove,,1.0
staffsciencenusedusgphyhcmkteachingpc,,1.0
emigrated,,1.0
hopeful,,1.0
olol,,1.0
stagwood,,1.0
winterstone,,1.0
victors,,1.0
hill,,2.0
jp,,1.0
mofo,,1.0
pathaya,,1.0
enketa,,1.0
maraikara,,1.0
priest,,1.0
reserves,,1.0
intrude,,1.0
walkabout,,1.0
cashed,,1.0
announced,,1.0
blog,,1.0
footie,,1.0
phil,,1.0
neville,,1.0
abbey,,1.0
returning,,1.0
knowing,,2.0
auctionpunj,,1.0
pre,,1.0
cancelled,,1.0
sacked,,1.0
barred,,1.0
lifethis,,1.0
twat,,1.0
dungerees,,1.0
decking,,1.0
punch,,1.0
mentionned,,1.0
planned,,2.0
onlydon,,1.0
grl,,4.0
hogolo,,1.0
kodstini,,1.0
agalla,,2.0
madstini,,1.0
hogli,,1.0
mutai,,1.0
eerulli,,1.0
kodthini,,1.0
kano,,3.0
thasa,,1.0
messed,,1.0
upyeh,,1.0
tex,,1.0
mecause,,1.0
werebored,,1.0
okden,,1.0
uin,,1.0
satsounds,,1.0
likeyour,,1.0
grfun,,1.0
updat,,1.0
countinlots,,1.0
tagged,,1.0
count,,2.0
challenge,,1.0
hdd,,1.0
casing,,1.0
opened,,1.0
describe,,1.0
asus,,1.0
randomly,,1.0
reformat,,1.0
otside,,1.0
leu,,1.0
plumbers,,1.0
tape,,3.0
wrench,,1.0
bcum,,1.0
appeal,,1.0
thriller,,1.0
director,,1.0
size,,1.0
elephant,,1.0
shove,,1.0
um,,1.0
pookie,,1.0
wouldnt,,2.0
youdearwith,,1.0
loverakhesh,,1.0
nri,,1.0
deserve,,1.0
tight,,1.0
lick,,3.0
diddy,,1.0
neighbor,,1.0
toothpaste,,1.0
av,,1.0
oneta,,1.0
poking,,1.0
everyday,,2.0
deam,,1.0
curious,,2.0
coccooning,,1.0
auto,,2.0
mus,,1.0
yeahand,,1.0
newquaysend,,1.0
postcard,,2.0
goneu,,1.0
talkin,,1.0
boutxx,,1.0
bread,,1.0
windy,,1.0
mahal,,2.0
knowthis,,1.0
tirunelvai,,1.0
dusk,,1.0
puzzles,,1.0
stairs,,1.0
phews,,1.0
thangamits,,1.0
redred,,1.0
bloodblood,,1.0
heartheart,,1.0
relation,,1.0
luvs,,1.0
praying,,1.0
recycling,,1.0
earning,,1.0
toledo,,1.0
ding,,1.0
tai,,1.0
feng,,1.0
reservations,,1.0
swimsuit,,1.0
allowed,,1.0
necessary,,1.0
squeeeeeze,,1.0
hug,,4.0
lik,,2.0
frndshp,,1.0
luvd,,1.0
asks,,3.0
themp,,1.0
volcanoes,,1.0
erupt,,1.0
arise,,1.0
hurricanes,,1.0
sway,,1.0
aroundn,,1.0
disasters,,1.0
lighters,,1.0
kkits,,1.0
goodwhen,,1.0
lasagna,,1.0
chickened,,1.0
messaged,,2.0
woould,,1.0
drove,,1.0
shore,,1.0
deus,,1.0
tap,,1.0
spile,,1.0
broad,,1.0
canal,,1.0
engin,,1.0
onedge,,1.0
raviyog,,1.0
peripherals,,1.0
bhayandar,,1.0
east,,1.0
sunoco,,1.0
howard,,2.0
musical,,1.0
plate,,1.0
leftovers,,1.0
starving,,1.0
cooked,,1.0
cheat,,1.0
fatty,,1.0
badrith,,1.0
chennaii,,1.0
usno,,1.0
owe,,1.0
checkin,,1.0
numberso,,1.0
ittb,,1.0
block,,1.0
armenia,,1.0
swann,,1.0
smoking,,3.0
wylie,,1.0
justify,,1.0
ruining,,1.0
meds,,2.0
hunt,,1.0
everyones,,1.0
babysitting,,1.0
itll,,1.0
gonnamissu,,1.0
muchi,,2.0
buttheres,,1.0
aboutas,,1.0
merememberin,,1.0
asthere,,1.0
ofsi,,1.0
breakin,,1.0
yaxx,,1.0
ee,,2.0
poortiyagi,,1.0
odalebeku,,1.0
hanumanji,,1.0
hanuman,,1.0
bajarangabali,,1.0
maruti,,1.0
pavanaputra,,1.0
sankatmochan,,1.0
ramaduth,,1.0
mahaveer,,1.0
janarige,,1.0
ivatte,,1.0
kalisidare,,1.0
olage,,1.0
ondu,,1.0
keluviri,,1.0
maretare,,1.0
inde,,1.0
dodda,,1.0
problum,,1.0
nalli,,1.0
siguviri,,1.0
idu,,1.0
matra,,1.0
neglet,,1.0
easily,,1.0
ijust,,1.0
talked,,1.0
opps,,1.0
tts,,1.0
gei,,1.0
tron,,1.0
dl,,1.0
selfish,,1.0
spiffing,,1.0
workage,,1.0
craving,,1.0
supose,,1.0
babysit,,1.0
therexx,,1.0
spaces,,1.0
embassy,,1.0
lightly,,1.0
custom,,1.0
checkboxes,,1.0
sac,,1.0
hundredhe,,1.0
batsman,,1.0
yettys,,1.0
jiayin,,1.0
forgotten,,1.0
reverse,,1.0
cheating,,1.0
mathematics,,1.0
waxsto,,1.0
basic,,2.0
emailed,,1.0
yifeng,,1.0
theyll,,1.0
slurp,,1.0
minimum,,1.0
ing,,1.0
brainless,,1.0
dolld,,1.0
vehicle,,1.0
sariyag,,1.0
madoke,,1.0
barolla,,1.0
postponed,,1.0
stocked,,1.0
elaine,,1.0
tiime,,1.0
tears,,1.0
afternon,,1.0
interviews,,1.0
resizing,,1.0
opposed,,1.0
drunken,,1.0
somerset,,1.0
overtime,,1.0
nigpun,,1.0
dismissial,,1.0
screwd,,1.0
bull,,1.0
floating,,1.0
mess,,1.0
heehee,,1.0
arithmetic,,1.0
percentages,,1.0
chillaxin,,1.0
das,,1.0
iknow,,1.0
wellda,,1.0
peril,,1.0
studentfinancial,,1.0
crisisspk,,1.0
monster,,1.0
ths,,2.0
ias,,2.0
obey,,1.0
uhhhhrmm,,1.0
mb,,1.0
youphone,,1.0
athome,,1.0
youwanna,,1.0
jack,,1.0
sayask,,1.0
helpful,,1.0
pretend,,1.0
hypotheticalhuagauahahuagahyuhagga,,1.0
brainy,,1.0
occasion,,1.0
celebrated,,1.0
reflection,,1.0
values,,1.0
desires,,1.0
affectionsamp,,1.0
traditions,,1.0
cantdo,,1.0
anythingtomorrow,,1.0
myparents,,1.0
aretaking,,1.0
outfor,,1.0
katexxx,,1.0
level,,1.0
gate,,1.0
board,,1.0
overheating,,1.0
reslove,,1.0
inst,,1.0
pending,,1.0
western,,1.0
outta,,1.0
nowadays,,1.0
notixiquating,,1.0
laxinorficated,,1.0
bambling,,1.0
entropication,,1.0
oblisingately,,1.0
opted,,1.0
masteriastering,,1.0
amplikater,,1.0
fidalfication,,1.0
champlaxigating,,1.0
atrocious,,1.0
wotz,,1.0
junna,,1.0
accident,,1.0
divert,,1.0
wadebridgei,,1.0
vill,,1.0
orc,,1.0
seeking,,1.0
priscillas,,1.0
dayexcept,,1.0
wisdom,,3.0
inform,,3.0
wherres,,1.0
resolution,,1.0
replybe,,1.0
frankgood,,1.0
logoff,,1.0
parkin,,1.0
kent,,2.0
vale,,2.0
cannt,,1.0
asa,,1.0
prince,,1.0
charming,,1.0
mention,,1.0
served,,1.0
arnt,,1.0
xxxxxxxxxxxxxx,,1.0
alle,,1.0
moneeppolum,,1.0
allalo,,1.0
fundamentals,,1.0
mega,,1.0
pixels,,1.0
optical,,1.0
dooms,,1.0
peteynoim,,1.0
timehope,,1.0
alritehave,,1.0
js,,1.0
amx,,1.0
burgundy,,1.0
captaining,,1.0
base,,2.0
placement,,1.0
amrita,,1.0
profile,,1.0
bpo,,1.0
nighters,,1.0
persevered,,1.0
regretted,,1.0
spouse,,1.0
sumthin,,1.0
shldxxxx,,1.0
thatd,,1.0
scenario,,1.0
spunout,,1.0
wrld,,1.0
pounded,,1.0
lion,,2.0
devouring,,1.0
airtel,,1.0
broadband,,1.0
processed,,1.0
installation,,1.0
tensed,,1.0
coughing,,1.0
warned,,1.0
sprint,,1.0
prolly,,2.0
gower,,1.0
alreadysabarish,,1.0
jaya,,2.0
inpersonation,,1.0
flea,,1.0
forums,,2.0
itlet,,2.0
nys,,1.0
taj,,1.0
lesser,,1.0
known,,1.0
facts,,1.0
mumtaz,,2.0
shahjahans,,1.0
wifes,,1.0
shahjahan,,1.0
mumtazs,,2.0
arises,,1.0
hari,,1.0
okcome,,1.0
webadres,,1.0
geting,,1.0
ship,,1.0
maturity,,1.0
confirmed,,2.0
passport,,1.0
multiply,,1.0
independently,,1.0
decimal,,2.0
showed,,1.0
twins,,1.0
equally,,1.0
uneventful,,1.0
pesky,,1.0
cyclists,,1.0
wereare,,1.0
nalla,,1.0
adi,,1.0
entey,,1.0
nattil,,1.0
kittum,,1.0
kavalan,,1.0
hire,,1.0
hitman,,1.0
cps,,1.0
causing,,1.0
outages,,1.0
conserve,,1.0
voted,,1.0
epi,,1.0
bare,,1.0
bhaskar,,1.0
dubsack,,2.0
individual,,1.0
gong,,1.0
kaypoh,,1.0
basketball,,1.0
outdoors,,1.0
macho,,2.0
interfued,,1.0
blank,,4.0
listed,,1.0
apology,,1.0
hustle,,1.0
forth,,1.0
audition,,2.0
harlem,,1.0
workout,,1.0
fats,,1.0
zac,,1.0
hui,,1.0
xin,,1.0
lib,,1.0
difference,,1.0
versus,,1.0
edge,,1.0
underdtand,,1.0
itboth,,1.0
upnot,,1.0
muchxxlove,,1.0
locaxx,,1.0
skateboarding,,1.0
despite,,2.0
thrown,,1.0
winds,,1.0
bandages,,1.0
hectic,,1.0
fell,,1.0
swoop,,1.0
langport,,2.0
virtual,,1.0
senthil,,1.0
apnt,,1.0
pants,,1.0
waiti,,1.0
gosri,,1.0
lanka,,1.0
wordnot,,1.0
merely,,1.0
relationshipits,,1.0
wherevr,,1.0
forevr,,2.0
gudnyt,,1.0
mistakes,,1.0
plum,,1.0
smacks,,1.0
alot,,1.0
formatting,,1.0
attracts,,1.0
vegas,,2.0
lou,,1.0
lancaster,,1.0
neway,,1.0
soc,,1.0
bsn,,1.0
advising,,1.0
lobby,,1.0
texted,,1.0
showered,,1.0
erything,,1.0
vewy,,2.0
lubly,,1.0
sbut,,1.0
catches,,1.0
specify,,1.0
domain,,1.0
nusstu,,1.0
ohi,,1.0
hahatake,,1.0
bari,,1.0
hudgi,,1.0
yorge,,1.0
pataistha,,1.0
ertini,,1.0
hasbroin,,1.0
jump,,1.0
hoops,,1.0
lateso,,1.0
morningtake,,1.0
dreamsu,,1.0
meummifyingbye,,1.0
networking,,1.0
associate,,1.0
rip,,1.0
uterus,,1.0
pool,,2.0
jacuzzi,,1.0
splwat,,1.0
whr,,1.0
aldrine,,1.0
rakhesh,,1.0
rtm,,1.0
herepls,,1.0
callurgent,,1.0
sources,,1.0
unhappiness,,1.0
necesity,,1.0
witout,,1.0
hwd,,1.0
colleg,,1.0
watll,,1.0
wth,,1.0
functions,,1.0
events,,1.0
espell,,1.0
irritated,,1.0
wrd,,1.0
dearloving,,1.0
wthout,,1.0
takecare,,1.0
univ,,1.0
rajas,,1.0
burrito,,1.0
disconnect,,1.0
callcoz,,1.0
terrorist,,1.0
itz,,1.0
confirmd,,1.0
verified,,1.0
cnn,,1.0
ibn,,1.0
stitch,,1.0
trouser,,1.0
cheetos,,1.0
synced,,1.0
shangela,,1.0
hppnss,,1.0
sorrow,,1.0
goodfriend,,1.0
againloving,,1.0
poo,,1.0
gloucesterroad,,1.0
uup,,1.0
ouch,,1.0
stayed,,1.0
forgiveness,,1.0
glo,,1.0
yesmum,,1.0
wlcome,,1.0
eaten,,2.0
timi,,1.0
fishrman,,1.0
sack,,1.0
stones,,2.0
strtd,,1.0
throwin,,1.0
atlast,,1.0
stone,,1.0
moraldont,,1.0
physics,,1.0
arpraveesh,,1.0
delicious,,1.0
salad,,1.0
desert,,1.0
beers,,1.0
whore,,1.0
flood,,1.0
beads,,1.0
wishlist,,1.0
section,,1.0
nitro,,1.0
comfort,,1.0
sold,,1.0
onionrs,,1.0
petrolrs,,1.0
beerrs,,1.0
armands,,1.0
creative,,1.0
fakemy,,1.0
reffering,,1.0
uif,,1.0
getiing,,1.0
rsi,,1.0
weirdy,,1.0
brownies,,1.0
restrict,,1.0
funeral,,1.0
audrey,,1.0
godnot,,1.0
chikkuk,,1.0
vivek,,1.0
brah,,2.0
possession,,1.0
outif,,1.0
greece,,1.0
protect,,1.0
ethreats,,1.0
sib,,1.0
sensitive,,1.0
passwordsatmsms,,1.0
recorded,,1.0
someday,,1.0
goodmorningmy,,1.0
grandfather,,1.0
expiredso,,1.0
yuou,,1.0
spot,,1.0
ipad,,1.0
bunch,,1.0
lotto,,1.0
bird,,2.0
purchases,,1.0
authorise,,1.0
honeydid,,1.0
gimmi,,1.0
gossx,,1.0
painit,,1.0
todaydo,,1.0
ystrdayice,,1.0
chile,,1.0
subletting,,1.0
febapril,,1.0
ammaelife,,1.0
steering,,1.0
anythings,,1.0
sleeps,,1.0
rounderso,,1.0
required,,1.0
truekdo,,1.0
lambu,,1.0
ji,,1.0
cometil,,1.0
batchlor,,1.0
zoom,,1.0
cheese,,2.0
pink,,1.0
pure,,1.0
hearted,,1.0
hisher,,1.0
enemies,,1.0
smiley,,1.0
gail,,1.0
wrongtake,,1.0
worryc,,1.0
ltr,,1.0
hunlove,,1.0
yaxxx,,1.0
theoretically,,1.0
hooked,,1.0
formallypls,,1.0
prayingwill,,1.0
multimedia,,1.0
senthilhsbc,,1.0
vague,,1.0
accounting,,1.0
delayed,,1.0
housing,,1.0
agency,,1.0
renting,,1.0
presents,,1.0
nicky,,1.0
gumbys,,1.0
sized,,1.0
tarpon,,1.0
springs,,1.0
cab,,1.0
availablethey,,1.0
steps,,1.0
careumma,,1.0
limited,,1.0
practice,,2.0
deartake,,1.0
radiator,,1.0
proper,,1.0
tongued,,1.0
shorts,,1.0
qi,,1.0
suddenly,,1.0
flurries,,1.0
melt,,1.0
ground,,1.0
eek,,2.0
born,,1.0
perform,,1.0
cards,,1.0
rebooting,,1.0
nigh,,1.0
nooooooo,,1.0
cable,,1.0
outage,,1.0
sos,,1.0
playin,,1.0
guoyang,,1.0
rahul,,1.0
dengra,,1.0
antelope,,1.0
toplay,,1.0
fieldof,,1.0
selfindependence,,1.0
contention,,1.0
growrandom,,1.0
borderline,,1.0
nightnight,,1.0
possibility,,1.0
grooved,,1.0
affairs,,2.0
mising,,1.0
lanre,,1.0
fakeyes,,1.0
eckankar,,1.0
heater,,2.0
degrees,,1.0
dodgey,,1.0
seing,,1.0
faceasssssholeeee,,1.0
ceri,,1.0
rebel,,1.0
dreamz,,1.0
buddy,,1.0
nationwide,,1.0
newport,,1.0
juliana,,1.0
nachos,,1.0
eta,,1.0
dizzamn,,1.0
suitemates,,1.0
nimbomsons,,1.0
continent,,1.0
emerging,,1.0
fiendmake,,1.0
muchimpede,,1.0
hesitant,,1.0
ow,,1.0
deyi,,1.0
thousadi,,1.0
sumthinxx,,1.0
nose,,1.0
essay,,1.0
tram,,1.0
vic,,1.0
coherently,,1.0
gran,,1.0
onlyfound,,1.0
afew,,1.0
agocusoon,,1.0
honi,,1.0
university,,2.0
southern,,1.0
california,,1.0
rayan,,1.0
macleran,,1.0
balls,,1.0
olave,,1.0
mandara,,1.0
trishul,,1.0
woo,,1.0
hoo,,1.0
panties,,1.0
thout,,1.0
flatter,,1.0
pints,,1.0
carlin,,1.0
literally,,1.0
ciao,,1.0
starve,,1.0
impression,,1.0
motivate,,1.0
darkness,,1.0
timeyou,,1.0
wknd,,1.0
yalrigu,,1.0
heltiniiyo,,1.0
kothi,,1.0
shared,,1.0
meso,,1.0
uttered,,1.0
trusting,,1.0
meok,,1.0
chikkub,,1.0
noice,,1.0
esaplanade,,1.0
occurs,,1.0
prof,,2.0
sem,,1.0
student,,1.0
enna,,1.0
kalaachutaarama,,1.0
coco,,1.0
sporadically,,1.0
burden,,1.0
actual,,1.0
harder,,1.0
nbme,,1.0
sickness,,1.0
sathya,,2.0
gam,,1.0
smash,,1.0
religiously,,1.0
dealing,,1.0
muhommad,,1.0
penny,,1.0
doc,,2.0
fiting,,1.0
load,,1.0
hwkeep,,1.0
mj,,1.0
unconvinced,,1.0
elaborate,,1.0
willpower,,1.0
value,,1.0
absence,,1.0
answerin,,1.0
reasonable,,1.0
evey,,1.0
mnth,,1.0
prin,,1.0
ashwini,,1.0
tomorrowtoday,,1.0
jokethet,,1.0
skinny,,1.0
lineyou,,1.0
casting,,1.0
elections,,1.0
hlday,,1.0
camp,,1.0
amrca,,1.0
serena,,1.0
prescribed,,1.0
kappa,,1.0
meatballs,,1.0
approve,,1.0
panalambut,,1.0
fortune,,1.0
allday,,1.0
piss,,1.0
perf,,1.0
outsider,,1.0
receiptswell,,1.0
familiar,,1.0
depression,,1.0
infact,,1.0
shite,,1.0
kip,,1.0
hont,,1.0
nannys,,1.0
puts,,1.0
perspective,,1.0
sonot,,1.0
conveying,,1.0
debating,,1.0
guessing,,1.0
jb,,1.0
youso,,1.0
florida,,1.0
teeth,,1.0
hidden,,1.0
royal,,1.0
tog,,1.0
teams,,1.0
